Code_barber;Numero_barber;Identificateur;Site;Traitement;Repetition;Parcelle;Classe;Ordre;Famille;Genre;Espece;Abondance
M.L.A.B3.1110;M.L.A.B3;Lucas;Morties;Ligneux;2;M_L;Collembola;Poduromorpha;;;MT_col1;2
M.L.A.B3.1110;M.L.A.B3;Lucas;Morties;Ligneux;2;M_L;Collembola;Entomobryomorpha;;;MT_col2;1
M.L.A.B3.1110;M.L.A.B3;Lucas;Morties;Ligneux;2;M_L;Arachnida;Araneae;Lycosidae;Alopecosa;;1
M.L.A.B3.1110;M.L.A.B3;Lucas;Morties;Ligneux;2;M_L;Insecta;Diptera;Drosophilidae;Drosophila;Drosophila_melanogaster;5
M.L.A.B3.1110;M.L.A.B3;Lucas;Morties;Ligneux;2;M_L;Insecta;Hymenoptera;Formicidae;;MT_form1;1
M.L.A.B3.1110;M.L.A.B3;Lucas;Morties;Ligneux;2;M_L;Insecta;Coleoptera;;;MT_coleo1;1
M.L.A.B3.1110;M.L.A.B3;Lucas;Morties;Ligneux;2;M_L;Acari;Oribate;;;MT_acari1;1
M.L.A.B3.1110;M.L.A.B3;Lucas;Morties;Ligneux;2;M_L;Arthopoda;;;;LT_arthrop1;1
B.NL.C.B3.0810;B.NL.C.B3;Lucas;Buzarens;Non_ligneux;1;B_NL;Collembola;Poduromorpha;;;MT_col1;4
B.NL.C.B3.0810;B.NL.C.B3;Lucas;Buzarens;Non_ligneux;1;B_NL;Collembola;Symphypleona;;;MT_collembo_rond;1
B.NL.C.B3.0810;B.NL.C.B3;Lucas;Buzarens;Non_ligneux;1;B_NL;Gastropoda;Stylommatophora;;;MT_pulmo1;1
B.NL.C.B3.0810;B.NL.C.B3;Lucas;Buzarens;Non_ligneux;1;B_NL;Gastropoda;Stylommatophora;;;MT_pulmo2;1
B.NL.C.B3.0810;B.NL.C.B3;Lucas;Buzarens;Non_ligneux;1;B_NL;Gastropoda;Stylommatophora;Geomitridae;Cochilcella;Cochlicella_acuta;1
B.NL.C.B3.0810;B.NL.C.B3;Lucas;Buzarens;Non_ligneux;1;B_NL;Insecta;Diptera;Drosophilidae;Drosophila;Drosophila_melanogaster;2
B.NL.C.B3.0810;B.NL.C.B3;Lucas;Buzarens;Non_ligneux;1;B_NL;Insecta;Hymenoptera;Formicidae;;;2
B.NL.C.B3.0810;B.NL.C.B3;Lucas;Buzarens;Non_ligneux;1;B_NL;Arachnida;Araneae;Lycosidae;Alopecosa;;1
M.L.A.B2.1110;M.L.A.B2;;Morties;Ligneux;2;M_L;Collembola;Entomobryomorpha;;;;7
M.L.A.B2.1110;M.L.A.B2;;Morties;Ligneux;2;M_L;Collembola;Symphypleona;;;;4
M.L.A.B2.1110;M.L.A.B2;;Morties;Ligneux;2;M_L;Insecta;Diptera;Drosophilidae;Drosophila;Drosophila_melanogaster;1
M.L.A.B2.1110;M.L.A.B2;;Morties;Ligneux;2;M_L;Insecta;Hymenoptera;Formicidae;;;1
M.L.C.B3.1110;M.L.C.B3;;Morties;Ligneux;2;M_L;Insecta;Diptera;Drosophilidae;Drosophila;Drosophila_melanogaster;1
M.L.C.B3.1110;M.L.C.B3;;Morties;Ligneux;2;M_L;Collembola;Poduromorpha;;;;3
M.L.C.B3.1110;M.L.C.B3;;Morties;Ligneux;2;M_L;Collembola;Entomobryomorpha;;;MT_ noir-jaune;1
M.L.C.B3.1110;M.L.C.B3;;Morties;Ligneux;2;M_L;Acari;Anystidae;;;;1
M.L.C.B3.1110;M.L.C.B3;;Morties;Ligneux;2;M_L;Insecta;Coleoptera;;;;1
M.NL.A.B1.1110;M.NL.A.B1;Johanne;Morties;Non_ligneux;2;M_NL;Insecta;Coleoptera;Corylophidae;Sericoderus;MT_carapace;4
M.NL.A.B1.1110;M.NL.A.B1;Johanne;Morties;Non_ligneux;2;M_NL;Insecta;Diptera;Drosophilidae;Drosophila;Drosophila_melanogaster;8
M.NL.A.B1.1110;M.NL.A.B1;Johanne;Morties;Non_ligneux;2;M_NL;Hexapoda;;;;MT_col_trompe;4
M.NL.A.B1.1110;M.NL.A.B1;Johanne;Morties;Non_ligneux;2;M_NL;Acari;Oribate;;;;1
M.NL.A.B1.1110;M.NL.A.B1;Johanne;Morties;Non_ligneux;2;M_NL;Acari;Trombidiformes;Bdellidae;;;1
M.NL.A.B1.1110;M.NL.A.B1;Johanne;Morties;Non_ligneux;2;M_NL;Collembola;Symphypleona;;;;4
M.NL.A.B1.1110;M.NL.A.B1;Johanne;Morties;Non_ligneux;2;M_NL;Collembola;Entomobryomorpha;;;;1
M.L.B.B3.0810;M.L.B.B3;Johanne;Morties;Ligneux;1;M_L;Collembola;Entomobryomorpha;;;;6
M.L.B.B3.0810;M.L.B.B3;Johanne;Morties;Ligneux;1;M_L;Insecta;Diptera;Drosophilidae;Drosophila;Drosophila_melanogaster;4
M.L.B.B3.0810;M.L.B.B3;Johanne;Morties;Ligneux;1;M_L;Insecta;Hemiptera;;;;1
M.L.B.B3.0810;M.L.B.B3;Johanne;Morties;Ligneux;1;M_L;Insecta;Hemiptera;;;MT_hemipt_jaune;2
M.L.B.B3.0810;M.L.B.B3;Johanne;Morties;Ligneux;1;M_L;Acari;Oribate;;;MT_acari_goutte;1
B.NL.A.B3.1110;B.NL.A.B3;Johanne;Buzarens;Non_ligneux;2;B_NL;Insecta;Coleoptera;Carabidae;;;1
B.NL.A.B3.1110;B.NL.A.B3;Johanne;Buzarens;Non_ligneux;2;B_NL;Insecta;Diptera;Drosophilidae;Drosophila;Drosophila_melanogaster;9
B.NL.A.B3.1110;B.NL.A.B3;Johanne;Buzarens;Non_ligneux;2;B_NL;Insecta;Blattodea;;;MT_blat;1
B.NL.A.B3.1110;B.NL.A.B3;Johanne;Buzarens;Non_ligneux;2;B_NL;Acari;Anystidae;;;MT_point_rouge;4
B.NL.A.B3.1110;B.NL.A.B3;Johanne;Buzarens;Non_ligneux;2;B_NL;Collembola;Entomobryomorpha;;;MT_col_rouge;1
B.NL.A.B3.1110;B.NL.A.B3;Johanne;Buzarens;Non_ligneux;2;B_NL;Insecta;Coleoptera;;;MT_coleo_orange;4
B.NL.A.B3.1110;B.NL.A.B3;Johanne;Buzarens;Non_ligneux;2;B_NL;Insecta;Hymenoptera;Formicidae;;;1
B.L.A.B3.1410;B.L.A.B3;Johanne;Buzarens;Ligneux;3;B_L;Insecta;Coleoptera;Staphynilidae;Ocypus;Ocypus_olens;2
B.L.A.B3.1410;B.L.A.B3;Johanne;Buzarens;Ligneux;3;B_L;Acari;Trombidiformes;Bdellidae;;MT_Trompe_rouge;1
B.L.A.B3.1410;B.L.A.B3;Johanne;Buzarens;Ligneux;3;B_L;Hexapoda;;;;MT_col_trompe;1
B.L.A.B3.1410;B.L.A.B3;Johanne;Buzarens;Ligneux;3;B_L;Acari;Trombidiformes;Prostigmata;;MT_acar1;4
B.L.A.B3.1410;B.L.A.B3;Johanne;Buzarens;Ligneux;3;B_L;Collembola;Entomobryomorpha;;;;2
B.L.A.B3.1410;B.L.A.B3;Johanne;Buzarens;Ligneux;3;B_L;Insecta;Hymenoptera;Formicidae;;;6
B.L.A.B3.1410;B.L.A.B3;Johanne;Buzarens;Ligneux;3;B_L;Collembola;Symphypleona;;;MT_col_rond;1
M.NL.A.B3.1110;M.NL.A.B3;Johanne;Morties;Non_ligneux;2;M_NL;Insecta;Coleoptera;Staphynilidae;Ocypus;Ocypus_olens;1
M.NL.A.B3.1110;M.NL.A.B3;Johanne;Morties;Non_ligneux;2;M_NL;Insecta;Hemiptera;;;MT_hemipt_jaune;350
M.NL.A.B3.1110;M.NL.A.B3;Johanne;Morties;Non_ligneux;2;M_NL;Insecta;Diptera;Drosophilidae;Drosophila;Drosophila_melanogaster;8
M.NL.A.B3.1110;M.NL.A.B3;Johanne;Morties;Non_ligneux;2;M_NL;Insecta;Hymenoptera;Formicidae;;;1
M.NL.A.B3.1110;M.NL.A.B3;Johanne;Morties;Non_ligneux;2;M_NL;Collembola;Entomobryomorpha;;;MT_col_forcallon;6
B.L.C.B3.1410;B.L.C.B3;Romain;Buzarens;Ligneux;3;B_L;Collembola;Poduromorpha;;;MT_col1;3
B.L.C.B3.1410;B.L.C.B3;Romain;Buzarens;Ligneux;3;B_L;Acari;Trombidiformes;Prostigmata;;MT_acar1;1
B.L.C.B3.1410;B.L.C.B3;Romain;Buzarens;Ligneux;3;B_L;Collembola;Symphypleona;;;MT_col_rond;8
B.L.C.B3.1410;B.L.C.B3;Romain;Buzarens;Ligneux;3;B_L;Collembola;Entomobryomorpha;;;MT_col2;2
B.L.C.B3.1410;B.L.C.B3;Romain;Buzarens;Ligneux;3;B_L;Insecta;Coleoptera;Staphynilidae;Ocypus;Ocypus_olens;1
B.L.C.B3.1410;B.L.C.B3;Romain;Buzarens;Ligneux;3;B_L;Acari;Trombidiformes;Bdellidae;;MT_Trompe_rouge;2
M.L.A.B1.0810;M.L.A.B1;Johanne;Morties;Ligneux;1;M_L;Insecta;Coleoptera;Staphynilidae;Ocypus;Ocypus_olens;1
M.L.A.B1.0810;M.L.A.B1;Johanne;Morties;Ligneux;1;M_L;Insecta;Hymenoptera;Formicidae;;MT_fourm_jaune;21
M.L.A.B1.0810;M.L.A.B1;Johanne;Morties;Ligneux;1;M_L;Insecta;Hymenoptera;Formicidae;;MT_fourm_zebré;1
M.L.A.B1.0810;M.L.A.B1;Johanne;Morties;Ligneux;1;M_L;Insecta;Diptera;Drosophilidae;Drosophila;Drosophila_melanogaster;2
M.L.A.B1.0810;M.L.A.B1;Johanne;Morties;Ligneux;1;M_L;Insecta;Diptera;;;MT_mouche_noire;1
M.L.A.B1.0810;M.L.A.B1;Johanne;Morties;Ligneux;1;M_L;Arachnida;Araneae;Lycosidae;Alopecosa;;1
M.L.A.B1.0810;M.L.A.B1;Johanne;Morties;Ligneux;1;M_L;Arachnida;Araneae;;;MT_ara_noir;1
M.L.A.B1.0810;M.L.A.B1;Johanne;Morties;Ligneux;1;M_L;Arachnida;Araneae;;;MT_ara_jaune;1
M.L.A.B1.0810;M.L.A.B1;Johanne;Morties;Ligneux;1;M_L;Collembola;Entomobryomorpha;;;MT_col2;1
M.L.A.B1.0810;M.L.A.B1;Johanne;Morties;Ligneux;1;M_L;Collembola;Entomobryomorpha;;;MT_col_poilu;2
M.L.A.B1.0810;M.L.A.B1;Johanne;Morties;Ligneux;1;M_L;Acari;Oribate;;;MT_acari_goutte;1
T.NL.B.B1.1110;T.NL.B.B1;Romain;Triballe;Non_ligneux;2;T_NL;Hexapoda;;;;MT_col_trompe;50
T.NL.B.B1.1110;T.NL.B.B1;Romain;Triballe;Non_ligneux;2;T_NL;Insecta;Coleoptera;Staphynilidae;Ocypus;Ocypus_olens;1
T.NL.B.B1.1110;T.NL.B.B1;Romain;Triballe;Non_ligneux;2;T_NL;Acari;Trombidiformes;;;MT_goutte;1
T.NL.B.B1.1110;T.NL.B.B1;Romain;Triballe;Non_ligneux;2;T_NL;Acari;Anystidae;;;MT_roupoil;1
T.NL.B.B1.1110;T.NL.B.B1;Romain;Triballe;Non_ligneux;2;T_NL;Insecta;Hymenoptera;Formicidae;;MT_fourm_noir;6
T.NL.B.B1.1110;T.NL.B.B1;Romain;Triballe;Non_ligneux;2;T_NL;Insecta;Hymenoptera;Formicidae;;MT_fourm_marron;2
T.NL.B.B1.1110;T.NL.B.B1;Romain;Triballe;Non_ligneux;2;T_NL;Insecta;Diptera;Drosophilidae;Drosophila;Drosophila_melanogaster;8
T.NL.B.B1.1110;T.NL.B.B1;Romain;Triballe;Non_ligneux;2;T_NL;Acari;Trombidiformes;Prostigmata;;;2
T.NL.B.B1.1110;T.NL.B.B1;Romain;Triballe;Non_ligneux;2;T_NL;Insecta;Coleoptera;;;MT_coleo_orange;1
T.NL.B.B1.1110;T.NL.B.B1;Romain;Triballe;Non_ligneux;2;T_NL;Collembola;Poduromorpha;;;;1
T.NL.B.B1.1710;T.NL.B.B1;Lucas;Triballe;Non_ligneux;4;T_NL;Insecta;Diptera;Drosophilidae;Drosophila;Drosophila_melanogaster;4
T.NL.B.B1.1710;T.NL.B.B1;Lucas;Triballe;Non_ligneux;4;T_NL;Insecta;Hymenoptera;Vespidae;Vespa;Vespa_velutina;1
T.NL.B.B1.1710;T.NL.B.B1;Lucas;Triballe;Non_ligneux;4;T_NL;Insecta;Coleoptera;Staphynilidae;Ocypus;Ocypus_olens;1
T.NL.B.B1.1710;T.NL.B.B1;Lucas;Triballe;Non_ligneux;4;T_NL;Gastropoda;Stylommatophora;Geomitridae;Cochilcella;Cochlicella_acuta;1
T.NL.B.B1.1710;T.NL.B.B1;Lucas;Triballe;Non_ligneux;4;T_NL;Acari;Trombidiformes;Trombidiidae;Trombidium;Trombidion_holosericeum;1
T.NL.B.B1.1710;T.NL.B.B1;Lucas;Triballe;Non_ligneux;4;T_NL;Insecta;Hymenoptera;Formicidae;Pheidole;Pheidole_pallidula;3
T.NL.B.B1.1710;T.NL.B.B1;Lucas;Triballe;Non_ligneux;4;T_NL;Collembola;Entomobryomorpha;;;;1
T.NL.B.B1.1710;T.NL.B.B1;Lucas;Triballe;Non_ligneux;4;T_NL;Hexapoda;;;;MT_col_trompe;2
T.NL.B.B1.1710;T.NL.B.B1;Lucas;Triballe;Non_ligneux;4;T_NL;Insecta;Coleoptera;Staphynilidae;Astenus;;1
M.L.B.B2.1710;M.L.B.B2;Lucas;Morties;Ligneux;4;M_L;Insecta;Diptera;Drosophilidae;Drosophila;Drosophila_melanogaster;5
M.L.B.B2.1710;M.L.B.B2;Lucas;Morties;Ligneux;4;M_L;Insecta;Hymenoptera;Formicidae;;;2
M.L.B.B2.1710;M.L.B.B2;Lucas;Morties;Ligneux;4;M_L;Insecta;Hemiptera;;;MT_hemipt_jaune;3
M.L.B.B2.1710;M.L.B.B2;Lucas;Morties;Ligneux;4;M_L;Acari;Oribate;;;MT_tique_marron;1
M.L.B.B2.1710;M.L.B.B2;Lucas;Morties;Ligneux;4;M_L;Collembola;Entomobryomorpha;;;;1
M.NL.B.B2.1710;M.NL.B.B2;Lucas;Morties;Non_ligneux;4;M_NL;Insecta;Coleoptera;;;MT_coleo_rond_noir;1
M.NL.B.B2.1710;M.NL.B.B2;Lucas;Morties;Non_ligneux;4;M_NL;Insecta;Diptera;Drosophilidae;Drosophila;Drosophila_melanogaster;22
M.NL.B.B2.1710;M.NL.B.B2;Lucas;Morties;Non_ligneux;4;M_NL;Collembola;Entomobryomorpha;;;;2
M.L.C.B1.1710;M.L.C.B1;Lucas;Morties;Ligneux;4;M_L;Insecta;Coleoptera;Staphynilidae;Ocypus;Ocypus_olens;1
M.L.C.B1.1710;M.L.C.B1;Lucas;Morties;Ligneux;4;M_L;Collembola;Symphypleona;;;;2
M.L.C.B1.1710;M.L.C.B1;Lucas;Morties;Ligneux;4;M_L;Collembola;Entomobryomorpha;;;;1
M.L.C.B1.1710;M.L.C.B1;Lucas;Morties;Ligneux;4;M_L;Insecta;Hymenoptera;Formicidae;Pheidole;Pheidole_pallidula;4
M.L.C.B1.1710;M.L.C.B1;Lucas;Morties;Ligneux;4;M_L;Insecta;Diptera;Drosophilidae;Drosophila;Drosophila_melanogaster;1
M.NL.A.B2.1410;M.NL.A.B2;;Morties;Non_ligneux;3;M_NL;Insecta;Coleoptera;Staphynilidae;Ocypus;Ocypus_olens;2
M.NL.A.B2.1410;M.NL.A.B2;;Morties;Non_ligneux;3;M_NL;Insecta;Diptera;Drosophilidae;Drosophila;Drosophila_melanogaster;1
M.NL.A.B2.1410;M.NL.A.B2;;Morties;Non_ligneux;3;M_NL;Collembola;Entomobryomorpha;;;;3
M.NL.A.B2.1410;M.NL.A.B2;;Morties;Non_ligneux;3;M_NL;Collembola;Symphlypleona;;;;1
M.NL.A.B2.1410;M.NL.A.B2;;Morties;Non_ligneux;3;M_NL;Acari;Oribate;;;MT_tique_marron;2
M.NL.A.B2.1410;M.NL.A.B2;;Morties;Non_ligneux;3;M_NL;Insecta;Hemiptera;;;MT_hemipt_jaune;16
M.NL.A.B2.1410;M.NL.A.B2;;Morties;Non_ligneux;3;M_NL;Insecta;Hymenoptera;Formicidae;Pheidole;Pheidole_pallidula;1
B.L.A.B1.2010;B.L.A.B1;Lucas;Buzarens;Ligneux;5;B_L;Insecta;Coleoptera;Staphynilidae;Ocypus;Ocypus_olens;1
B.L.A.B1.2010;B.L.A.B1;Lucas;Buzarens;Ligneux;5;B_L;Insecta;Diptera;Drosophilidae;Drosophila;Drosophila_melanogaster;1
B.L.A.B1.2010;B.L.A.B1;Lucas;Buzarens;Ligneux;5;B_L;Collembola;Entomobryomorpha;;;;3
B.L.A.B1.2010;B.L.A.B1;Lucas;Buzarens;Ligneux;5;B_L;Collembola;Poduromorpha;;;;1
B.L.A.B1.2010;B.L.A.B1;Lucas;Buzarens;Ligneux;5;B_L;Insecta;Hymenoptera;Formicidae;Pheidole;Pheidole_pallidula;1
B.L.A.B1.2010;B.L.A.B1;Lucas;Buzarens;Ligneux;5;B_L;Insecta;Diptera;Drosophilidae;Drosophila;Drosophila_melanogaster;1
B.L.A.B1.2010;B.L.A.B1;Lucas;Buzarens;Ligneux;5;B_L;Acari;Trombidiformes;Bdellidae;;;5
B.L.A.B1.2010;B.L.A.B1;Lucas;Buzarens;Ligneux;5;B_L;Collembola;Symphlypleona;;;;1
M.NL.B.B2.1410;M.NL.B.B2;Lucas;Morties;Non_ligneux;3;M_NL;Insecta;Diptera;Drosophilidae;Drosophila;Drosophila_melanogaster;16
M.NL.B.B2.1410;M.NL.B.B2;Lucas;Morties;Non_ligneux;3;M_NL;Collembola;Entomobryomorpha;;;;4
M.NL.B.B2.1410;M.NL.B.B2;Lucas;Morties;Non_ligneux;3;M_NL;Collembola;Poduromorpha;;;;1
M.NL.B.B2.1410;M.NL.B.B2;Lucas;Morties;Non_ligneux;3;M_NL;Insecta;Diptera;;;;1
M.NL.B.B2.1410;M.NL.B.B2;Lucas;Morties;Non_ligneux;3;M_NL;Myriapoda;;;;;1
M.L.B.B3.1410;M.L.B.B3;Lucas;Morties;Ligneux;3;M_L;Insecta;Diptera;Drosophilidae;Drosophila;Drosophila_melanogaster;2
M.L.B.B3.1410;M.L.B.B3;Lucas;Morties;Ligneux;3;M_L;Insecta;Coleoptera;Nitidulidae;Epuraea;;1
M.L.B.B3.1410;M.L.B.B3;Lucas;Morties;Ligneux;3;M_L;Insecta;Hemiptera;;;MT_hemipt_jaune;3
M.L.B.B3.1410;M.L.B.B3;Lucas;Morties;Ligneux;3;M_L;Collembola;Poduromorpha;;;;1
M.L.B.B3.1410;M.L.B.B3;Lucas;Morties;Ligneux;3;M_L;Hexapoda;;;;MT_col_trompe;2
B.L.B.B2.2010;B.L.B.B2;Lucas;Buzarens;Ligneux;5;B_L;Collembola;Symphypleona;;;;70
B.L.B.B2.2010;B.L.B.B2;Lucas;Buzarens;Ligneux;5;B_L;Collembola;Poduromorpha;;;;20
B.L.B.B2.2010;B.L.B.B2;Lucas;Buzarens;Ligneux;5;B_L;Insecta;Coleoptera;Staphynilidae;Ocypus;Ocypus_olens;1
B.L.B.B2.2010;B.L.B.B2;Lucas;Buzarens;Ligneux;5;B_L;Insecta;Diptera;Drosophilidae;Drosophila;Drosophila_melanogaster;4
B.L.B.B2.2010;B.L.B.B2;Lucas;Buzarens;Ligneux;5;B_L;Insecta;Hymenoptera;Formicidae;Pheidole;Pheidole_pallidula;2
B.L.B.B2.2010;B.L.B.B2;Lucas;Buzarens;Ligneux;5;B_L;Insecta;Coleoptera;Nitidulidae;Epuraea;;1
B.L.B.B2.2010;B.L.B.B2;Lucas;Buzarens;Ligneux;5;B_L;Insecta;Diptera;Nematocera;;MT_nematocera_brun_ant_courtes;1
B.L.B.B2.2010;B.L.B.B2;Lucas;Buzarens;Ligneux;5;B_L;Acari;;;;;3
M.L.B.B2.2010;M.L.B.B2;Lucas;Morties;Ligneux;5;M_L;Insecta;Coleoptera;Staphynilidae;Ocypus;Ocypus_olens;1
M.L.B.B2.2010;M.L.B.B2;Lucas;Morties;Ligneux;5;M_L;Insecta;Diptera;Drosophilidae;Drosophila;Drosophila_melanogaster;6
M.L.B.B2.2010;M.L.B.B2;Lucas;Morties;Ligneux;5;M_L;Insecta;Hymenoptera;Formicidae;Pheidole;Pheidole_pallidula;1
M.NL.C.B3.1410;M.NL.C.B3;Lucas;Morties;Non_ligneux;3;M_NL;Mollusca;Milacidae;;;Milax_gagates;1
M.NL.C.B3.1410;M.NL.C.B3;Lucas;Morties;Non_ligneux;3;M_NL;Insecta;Coleoptera;Staphynilidae;Ocypus;Ocypus_olens;3
M.NL.C.B3.1410;M.NL.C.B3;Lucas;Morties;Non_ligneux;3;M_NL;Insecta;Hemiptera;Auchenorryncha;;MT_auchenorryncha_blatte;1
M.NL.C.B3.1410;M.NL.C.B3;Lucas;Morties;Non_ligneux;3;M_NL;Myriapoda;Polydesmida;;;;2
M.NL.C.B3.1410;M.NL.C.B3;Lucas;Morties;Non_ligneux;3;M_NL;Insecta;Diptera;Drosophilidae;Drosophila;Drosophila_melanogaster;2
M.NL.C.B3.1410;M.NL.C.B3;Lucas;Morties;Non_ligneux;3;M_NL;Insecta;Hymenoptera;Formicidae;Pheidole;Pheidole_pallidula;2
M.NL.C.B3.1410;M.NL.C.B3;Lucas;Morties;Non_ligneux;3;M_NL;Collembola;Entomobryomorpha;;;;15
M.NL.C.B3.1410;M.NL.C.B3;Lucas;Morties;Non_ligneux;3;M_NL;Arthopoda;;;;MT_arthropod1;3
M.NL.C.B3.1410;M.NL.C.B3;Lucas;Morties;Non_ligneux;3;M_NL;Collembola;Symphypleona;;;;2
M.NL.C.B3.1410;M.NL.C.B3;Lucas;Morties;Non_ligneux;3;M_NL;Insecta;Hemiptera;;;MT_hemipt_jaune;20
M.NL.A.B1.1410;M.NL.A.B1;Lucas;Morties;Non_ligneux;3;M_NL;Insecta;Coleoptera;Nitidulidae;Epuraea;;2
M.NL.A.B1.1410;M.NL.A.B1;Lucas;Morties;Non_ligneux;3;M_NL;Insecta;Diptera;Drosophilidae;Drosophila;Drosophila_melanogaster;20
M.NL.A.B1.1410;M.NL.A.B1;Lucas;Morties;Non_ligneux;3;M_NL;Insecta;Hymenoptera;Formicidae;Pheidole;Pheidole_pallidula;1
M.NL.A.B1.1410;M.NL.A.B1;Lucas;Morties;Non_ligneux;3;M_NL;Collembola;Symphypleona;;;;4
M.NL.A.B1.1410;M.NL.A.B1;Lucas;Morties;Non_ligneux;3;M_NL;Collembola;Entomobryomorpha;;;;7
M.NL.A.B1.1410;M.NL.A.B1;Lucas;Morties;Non_ligneux;3;M_NL;Hemiptera;;;;MT_col_trompe;20
M.NL.A.B1.1410;M.NL.A.B1;Lucas;Morties;Non_ligneux;3;M_NL;Acari;;;;;5
M.L.C.B1.1410;M.L.C.B1;Lucas;Morties;Ligneux;3;M_L;Acari;;;;;3
M.L.C.B1.1410;M.L.C.B1;Lucas;Morties;Ligneux;3;M_L;Insecta;Hymenoptera;Formicidae;Pheidole;Pheidole_pallidula;3
M.L.C.B1.1410;M.L.C.B1;Lucas;Morties;Ligneux;3;M_L;Collembola;Symphypleona;;;;2
M.L.C.B1.1410;M.L.C.B1;Lucas;Morties;Ligneux;3;M_L;Insecta;Diptera;Drosophilidae;Drosophila;Drosophila_melanogaster;2
M.L.C.B1.1410;M.L.C.B1;Lucas;Morties;Ligneux;3;M_L;Arachnida;Araneae;Lycosidae;Alopecosa;;1
B.L.B.B1.2610;B.L.B.B1;Julian;Buzarens;Ligneux;6;B_L;Collembola;Entomobryomorpha;;;;1
B.L.B.B1.2610;B.L.B.B1;Julian;Buzarens;Ligneux;6;B_L;Insecta;Coleoptera;Staphynilidae;Ocypus;Ocypus_olens;1
B.L.B.B1.2610;B.L.B.B1;Julian;Buzarens;Ligneux;6;B_L;Acari;Trombidiformes;Bdellidae;;;1
M.L.B.B2.1110;M.L.B.B2;Johanne;Morties;Ligneux;2;M_L;Insecta;Coleoptera;Staphynilidae;Ocypus;Ocypus_olens;2
M.L.B.B2.1110;M.L.B.B2;Johanne;Morties;Ligneux;2;M_L;Insecta;Hemiptera;Auchenorryncha;;MT_auchenorryncha_blatte;4
M.L.B.B2.1110;M.L.B.B2;Johanne;Morties;Ligneux;2;M_L;Insecta;Coleoptera;Corylophidae;Sericoderus;MT_carapace;1
M.L.B.B2.1110;M.L.B.B2;Johanne;Morties;Ligneux;2;M_L;Acari;Trombidiformes;Prostigmata;;MT_acari_antenne;1
M.L.B.B2.1110;M.L.B.B2;Johanne;Morties;Ligneux;2;M_L;Acari;Oribate;;;MT_acari_poils;2
B.L.A.B2.1710;M.L.A.B2;Romain;Morties;Ligneux;4;M_L;Insecta;Coleoptera;Staphynilidae;Ocypus;Ocypus_olens;1
B.L.A.B2.1710;M.L.A.B2;Romain;Morties;Ligneux;4;M_L;Gastropoda;Stylommatophora;Geomitridae;Cochilcella;Cochlicella_acuta;1
B.L.A.B2.1710;M.L.A.B2;Romain;Morties;Ligneux;4;M_L;Insecta;Hymenoptera;Formicidae;Pheidole;Pheidole_pallidula;5
B.L.A.B2.1710;M.L.A.B2;Romain;Morties;Ligneux;4;M_L;Collembola;Entomobryomorpha;;;;3
B.L.A.B2.1710;M.L.A.B2;Romain;Morties;Ligneux;4;M_L;Acari;Anystidae;;;;1
B.L.A.B2.1710;M.L.A.B2;Romain;Morties;Ligneux;4;M_L;Acari;Trombidiformes;Bdellidae;;;1
B.L.A.B2.1710;M.L.A.B2;Romain;Morties;Ligneux;4;M_L;Acari;Trombidiformes;;;MT_goutte;3
B.L.A.B2.1710;M.L.A.B2;Romain;Morties;Ligneux;4;M_L;Collembola;Symphypleona;;;;1
B.L.A.B2.1710;M.L.A.B2;Romain;Morties;Ligneux;4;M_L;Hexapoda;;;;MT_col_trompe;1
B.L.A.B1.1710;B.L.A.B1;Romain;Buzarens;Ligneux;4;B_L;Insecta;Coleoptera;Staphynilidae;Ocypus;Ocypus_olens;1
B.L.A.B1.1710;B.L.A.B1;Romain;Buzarens;Ligneux;4;B_L;Insecta;Diptera;Drosophilidae;Drosophila;Drosophila_melanogaster;2
B.L.A.B1.1710;B.L.A.B1;Romain;Buzarens;Ligneux;4;B_L;Insecta;Hymenoptera;Formicidae;Pheidole;Pheidole_pallidula;2
B.L.A.B1.1710;B.L.A.B1;Romain;Buzarens;Ligneux;4;B_L;Collembola;Entomobryomorpha;;;;2
B.L.A.B1.1710;B.L.A.B1;Romain;Buzarens;Ligneux;4;B_L;Collembola;Symphypleona;;;;1
B.L.A.B1.1710;B.L.A.B1;Romain;Buzarens;Ligneux;4;B_L;Hexapoda;;;;MT_col_trompe;1
B.L.A.B1.1710;B.L.A.B1;Romain;Buzarens;Ligneux;4;B_L;Insecta;Nematocera;;;MT_nematocera_brun_ant_courtes;1
B.L.C.B1.1410;B.L.C.B1;Julian;Buzarens;Ligneux;3;B_L;Insecta;Coleoptera;Staphynilidae;Ocypus;Ocypus_olens;2
B.L.C.B1.1410;B.L.C.B1;Julian;Buzarens;Ligneux;3;B_L;Insecta;Dermaptera;Forficulidae;Forficula;Forficula_auricularia;1
B.L.C.B1.1410;B.L.C.B1;Julian;Buzarens;Ligneux;3;B_L;Arachnida;Araneae;;;MT_epee_dos_claire;1
B.L.C.B1.1410;B.L.C.B1;Julian;Buzarens;Ligneux;3;B_L;Insecta;Diptera;Drosophilidae;Drosophila;Drosophila_melanogaster;4
B.L.C.B1.1410;B.L.C.B1;Julian;Buzarens;Ligneux;3;B_L;Insecta;Coleoptera;Nitidulidae;Epuraea;;1
B.L.C.B1.1410;B.L.C.B1;Julian;Buzarens;Ligneux;3;B_L;Insecta;Hymenoptera;Formicidae;Pheidole;Pheidole_pallidula;14
B.L.C.B1.1410;B.L.C.B1;Julian;Buzarens;Ligneux;3;B_L;Acari;Trombidiformes;Bdellidae;;;1
B.L.C.B1.1410;B.L.C.B1;Julian;Buzarens;Ligneux;3;B_L;Collembola;Entomobryomorpha;;;;5
B.L.C.B1.1410;B.L.C.B1;Julian;Buzarens;Ligneux;3;B_L;Collembola;Poduromorpha;;;;11
B.L.C.B1.1410;B.L.C.B1;Julian;Buzarens;Ligneux;3;B_L;Acari;Sarcoptiforme;;;MT_tique_marron;4
B.L.C.B1.1410;B.L.C.B1;Julian;Buzarens;Ligneux;3;B_L;Acari;Oribate;;;MT_goutte_blanc;1
B.L.C.B1.1410;B.L.C.B1;Julian;Buzarens;Ligneux;3;B_L;Collembola;Symphypleona;;;;3
T.NL.A.B1.1710;T.NL.A.B1;Romain;Triballe;Non_ligneux;4;T_NL;Insecta;Coleoptera;Staphynilidae;Ocypus;Ocypus_olens;1
T.NL.A.B1.1710;T.NL.A.B1;Romain;Triballe;Non_ligneux;4;T_NL;Gastropoda;Heterobranchia;;;MT_pulmo1;1
T.NL.A.B1.1710;T.NL.A.B1;Romain;Triballe;Non_ligneux;4;T_NL;Arachnida;Araneae;;Alopecosa;;1
T.NL.A.B1.1710;T.NL.A.B1;Romain;Triballe;Non_ligneux;4;T_NL;Insecta;Diptera;Drosophilidae;Drosophila;Drosophila_melanogaster;40
T.NL.A.B1.1710;T.NL.A.B1;Romain;Triballe;Non_ligneux;4;T_NL;Insecta;Coleoptera;Nitidulidae;Epuraea;;2
T.NL.A.B1.1710;T.NL.A.B1;Romain;Triballe;Non_ligneux;4;T_NL;Insecta;Coleoptera;Corylophidae;Sericoderus;MT_carapace;2
T.NL.A.B1.1710;T.NL.A.B1;Romain;Triballe;Non_ligneux;4;T_NL;Collembola;Entomobryomorpha;;;;6
T.NL.A.B1.1710;T.NL.A.B1;Romain;Triballe;Non_ligneux;4;T_NL;Collembola;Symphypleona;;;;4
T.NL.A.B1.1710;T.NL.A.B1;Romain;Triballe;Non_ligneux;4;T_NL;Collembola;Poduromorpha;;;;2
T.NL.A.B1.1710;T.NL.A.B1;Romain;Triballe;Non_ligneux;4;T_NL;Acari;;;;MT_acari_antenne;5
T.NL.A.B1.1710;T.NL.A.B1;Romain;Triballe;Non_ligneux;4;T_NL;Insecta;Hemiptera;;;MT_nematocera_brun_ant_courtes;1
T.NL.A.B1.1710;T.NL.A.B1;Romain;Triballe;Non_ligneux;4;T_NL;Insecta;Hymenoptera;Formicidae;Tapinoma;MT_fourm_noir;2
T.NL.A.B1.1710;T.NL.A.B1;Romain;Triballe;Non_ligneux;4;T_NL;Arachnida;Araneae;Drassyllus;;MT_marbre;1
T.NL.A.B1.1710;T.NL.A.B1;Romain;Triballe;Non_ligneux;4;T_NL;Insecta;Hemiptera;Cicadellidae;;MT_blanc;1
M.NL.A.B2.1110;M.NL.A.B2;Johanne;Morties;Non_ligneux;2;M_NL;Insecta;Coleoptera;Staphynilidae;Ocypus;Ocypus_olens;2
M.NL.A.B2.1110;M.NL.A.B2;Johanne;Morties;Non_ligneux;2;M_NL;Insecta;Diptera;Drosophilidae;Drosophila;Drosophila_melanogaster;2
M.NL.A.B2.1110;M.NL.A.B2;Johanne;Morties;Non_ligneux;2;M_NL;Insecta;Hemiptera;Auchenorryncha;;MT_auchenorryncha_blatte;1
M.NL.A.B2.1110;M.NL.A.B2;Johanne;Morties;Non_ligneux;2;M_NL;Collembola;Poduromorpha;;;MT_col1;2
M.NL.A.B2.1110;M.NL.A.B2;Johanne;Morties;Non_ligneux;2;M_NL;Collembola;Entomobryomorpha;;;MT_col2;4
M.NL.A.B2.1110;M.NL.A.B2;Johanne;Morties;Non_ligneux;2;M_NL;Insecta;Hymenoptera;Formicidae;;MT_fourm_marron;2
M.NL.A.B2.1110;M.NL.A.B2;Johanne;Morties;Non_ligneux;2;M_NL;Acari;;;;MT_Acari_transparant;1
M.NL.A.B3.1710;M.NL.A.B3;Romain;Morties;Non_ligneux;4;M_NL;Insecta;Coleoptera;Staphynilidae;Ocypus;Ocypus_olens;1
M.NL.A.B3.1710;M.NL.A.B3;Romain;Morties;Non_ligneux;4;M_NL;Insecta;Diptera;Drosophilidae;Drosophila;Drosophila_melanogaster;5
M.NL.A.B3.1710;M.NL.A.B3;Romain;Morties;Non_ligneux;4;M_NL;Insecta;Hemiptera;Auchenorryncha;;MT_auchenorryncha_blatte;1000
M.NL.A.B3.1710;M.NL.A.B3;Romain;Morties;Non_ligneux;4;M_NL;Insecta;Hymenoptera;Formicidae;Pheidole;Pheidole_pallidula;2
M.NL.A.B3.1710;M.NL.A.B3;Romain;Morties;Non_ligneux;4;M_NL;Insecta;Hemiptera;;;MT_form84l;1
T.L.C.B2.1110;T.L.C.B2;Johanne;Triballe;Ligneux;2;T_L;Insecta;Diptera;Drosophilidae;Drosophila;Drosophila_melanogaster;16
T.L.C.B2.1110;T.L.C.B2;Johanne;Triballe;Ligneux;2;T_L;Insecta;Coleoptera;Staphynilidae;Ocypus;Ocypus_olens;1
T.L.C.B2.1110;T.L.C.B2;Johanne;Triballe;Ligneux;2;T_L;Collembola;Symphypleona;;;MT_col_rond;1
T.L.C.B2.1110;T.L.C.B2;Johanne;Triballe;Ligneux;2;T_L;Insecta;Hymenoptera;Formicidae;;MT_fourm_marron;1
T.L.C.B2.1110;T.L.C.B2;Johanne;Triballe;Ligneux;2;T_L;Acari;;;;;1
T.L.C.B2.1110;T.L.C.B2;Johanne;Triballe;Ligneux;2;T_L;Insecta;Coleoptera;Staphynilidae;;;1
M.NL.A.B1.1710;M.NL.A.B1;Romain;Morties;Non_ligneux;4;M_NL;Insecta;Coleoptera;Staphynilidae;Ocypus;Ocypus_olens;1
M.NL.A.B1.1710;M.NL.A.B1;Romain;Morties;Non_ligneux;4;M_NL;Insecta;Diptera;Drosophilidae;Drosophila;Drosophila_melanogaster;16
M.NL.A.B1.1710;M.NL.A.B1;Romain;Morties;Non_ligneux;4;M_NL;Insecta;Coleoptera;Corylophidae;Sericoderus;MT_carapace;2
M.NL.A.B1.1710;M.NL.A.B1;Romain;Morties;Non_ligneux;4;M_NL;Collembola;Symphypleona;;;;15
M.NL.A.B1.1710;M.NL.A.B1;Romain;Morties;Non_ligneux;4;M_NL;Collembola;Entomobryomorpha;;;;10
M.NL.A.B1.1710;M.NL.A.B1;Romain;Morties;Non_ligneux;4;M_NL;Hexapoda;;;;MT_col_trompe;14
M.NL.A.B1.1710;M.NL.A.B1;Romain;Morties;Non_ligneux;4;M_NL;Insecta;Hymenoptera;Formicidae;Pheidole;Pheidole_pallidula;1
M.NL.A.B1.1710;M.NL.A.B1;Romain;Morties;Non_ligneux;4;M_NL;Insecta;Coleoptera;Chrysomelidae;;MT_coleo_mimi;1
M.NL.A.B1.1710;M.NL.A.B1;Romain;Morties;Non_ligneux;4;M_NL;Insecta;Diptera;Sciaridae;;;1
B.L.C.B3.1710;B.L.C.B3;Romain;Buzarens;Ligneux;4;B_L;Insecta;Coleoptera;Staphynilidae;Ocypus;Ocypus_olens;1
B.L.C.B3.1710;B.L.C.B3;Romain;Buzarens;Ligneux;4;B_L;Insecta;Diptera;Drosophilidae;Drosophila;Drosophila_melanogaster;7
B.L.C.B3.1710;B.L.C.B3;Romain;Buzarens;Ligneux;4;B_L;Insecta;Hymenoptera;Formicidae;Pheidole;Pheidole_pallidula;2
B.L.C.B3.1710;B.L.C.B3;Romain;Buzarens;Ligneux;4;B_L;Collembola;Symphlypleona;;;;18
B.L.C.B3.1710;B.L.C.B3;Romain;Buzarens;Ligneux;4;B_L;Collembola;Entomobryomorpha;;;;3
B.L.C.B3.1710;B.L.C.B3;Romain;Buzarens;Ligneux;4;B_L;Collembola;Poduromorpha;;;;4
B.L.C.B3.1710;B.L.C.B3;Romain;Buzarens;Ligneux;4;B_L;Acari;Trombidiformes;;;MT_acari_goutte;1
B.L.C.B3.1710;B.L.C.B3;Romain;Buzarens;Ligneux;4;B_L;Insecta;Coleoptera;Corylophidae;Sericoderus;MT_carapace;1
B.L.C.B3.1710;B.L.C.B3;Romain;Buzarens;Ligneux;4;B_L;Acari;Trombidiformes;Bdellidae;;;24
B.L.C.B3.1710;B.L.C.B3;Romain;Buzarens;Ligneux;4;B_L;Insecta;Heteroptera;;;;1
B.L.C.B3.1710;B.L.C.B3;Romain;Buzarens;Ligneux;4;B_L;Insecta;Diptera;;;MT_abdo_fin;1
M.NL.B.B3.1110;M.NL.B.B3;Johanne;Morties;Non_ligneux;2;M_NL;Insecta;Coleoptera;Nitidulidae;Epuraea;;1
M.NL.B.B3.1110;M.NL.B.B3;Johanne;Morties;Non_ligneux;2;M_NL;Insecta;Coleoptera;Corylophidae;Sericoderus;MT_carapace;1
M.NL.B.B3.1110;M.NL.B.B3;Johanne;Morties;Non_ligneux;2;M_NL;Insecta;Diptera;Drosophilidae;Drosophila;Drosophila_melanogaster;3
M.NL.B.B3.1110;M.NL.B.B3;Johanne;Morties;Non_ligneux;2;M_NL;Collembola;Entomobryomorpha;;;MT_col2;1
M.NL.B.B3.1110;M.NL.B.B3;Johanne;Morties;Non_ligneux;2;M_NL;Insecta;Hemiptera;Auchenorryncha;;MT_auchenorryncha_blatte;25
M.NL.C.B3.1110;M.NL.C.B3;Johanne;Morties;Non_ligneux;2;M_NL;Insecta;Diptera;Drosophilidae;Drosophila;Drosophila_melanogaster;3
M.NL.C.B3.1110;M.NL.C.B3;Johanne;Morties;Non_ligneux;2;M_NL;Insecta;Hemiptera;Auchenorryncha;;MT_auchenorryncha_blatte;8
M.NL.C.B3.1110;M.NL.C.B3;Johanne;Morties;Non_ligneux;2;M_NL;Collembola;Entomobryomorpha;;;MT_col2;3
M.NL.C.B3.1110;M.NL.C.B3;Johanne;Morties;Non_ligneux;2;M_NL;Collembola;Poduromorpha;;;MT_col1;2
M.NL.C.B3.1110;M.NL.C.B3;Johanne;Morties;Non_ligneux;2;M_NL;Insecta;Hymenoptera;Formicidae;;;1
M.L.C.B1.1110;M.L.C.B1;Johanne;Morties;Ligneux;2;M_L;Insecta;Coleoptera;Staphynilidae;Ocypus;Ocypus_olens;2
M.L.C.B1.1110;M.L.C.B1;Johanne;Morties;Ligneux;2;M_L;Insecta;Diptera;Drosophilidae;Drosophila;Drosophila_melanogaster;2
M.L.C.B1.1110;M.L.C.B1;Johanne;Morties;Ligneux;2;M_L;Insecta;Hymenoptera;Formicidae;;MT_fourm_marron;1
M.L.C.B1.1110;M.L.C.B1;Johanne;Morties;Ligneux;2;M_L;Collembola;Symphlypleona;;;;2
M.L.C.B1.1110;M.L.C.B1;Johanne;Morties;Ligneux;2;M_L;Acari;Oribate;;;MT_acari_poils;1
M.L.C.B1.1110;M.L.C.B1;Johanne;Morties;Ligneux;2;M_L;Collembola;Poduromorpha;;;MT_col1;2
M.L.C.B1.1110;M.L.C.B1;Johanne;Morties;Ligneux;2;M_L;Collembola;Entomobryomorpha;;;MT_col2;1
M.NL.C.B2.0810;M.NL.C.B2;Romain;Morties;Non_ligneux;1;M_NL;Insecta;Coleoptera;Staphynilidae;Ocypus;Ocypus_olens;2
M.NL.C.B2.0810;M.NL.C.B2;Romain;Morties;Non_ligneux;1;M_NL;Insecta;Diptera;Drosophilidae;Drosophila;Drosophila_melanogaster;6
M.NL.C.B2.0810;M.NL.C.B2;Romain;Morties;Non_ligneux;1;M_NL;Collembola;Entomobryomorpha;;;;10
M.NL.C.B2.0810;M.NL.C.B2;Romain;Morties;Non_ligneux;1;M_NL;Insecta;Coleoptera;Corylophidae;Sericoderus;MT_carapace;1
M.NL.C.B2.0810;M.NL.C.B2;Romain;Morties;Non_ligneux;1;M_NL;Insecta;Hymenoptera;Formicidae;Pheidole;Pheidole_pallidula;6
M.NL.C.B2.0810;M.NL.C.B2;Romain;Morties;Non_ligneux;1;M_NL;Gastropoda;Stylommatophora;Geomitridae;Cochilcella;Cochlicella_acuta;1
M.NL.C.B2.0810;M.NL.C.B2;Romain;Morties;Non_ligneux;1;M_NL;Acari;Trombidiformes;Prostigmata;;MT_acar1;1
M.L.C.B3.1710;M.L.C.B3;Romain;Morties;Ligneux;4;M_L;Insecta;Diptera;Drosophilidae;Drosophila;Drosophila_melanogaster;8
M.L.C.B3.1710;M.L.C.B3;Romain;Morties;Ligneux;4;M_L;Insecta;Hymenoptera;Formicidae;Pheidole;Pheidole_pallidula;1
M.L.C.B3.1710;M.L.C.B3;Romain;Morties;Ligneux;4;M_L;Collembola;Symphlypleona;;;;1
M.L.C.B3.1710;M.L.C.B3;Romain;Morties;Ligneux;4;M_L;Insecta;Coleoptera;Corylophidae;Sericoderus;MT_carapace;1
M.L.C.B3.1710;M.L.C.B3;Romain;Morties;Ligneux;4;M_L;Collembola;Entomobryomorpha;;;;2
B.L.B.B3.1710;B.L.B.B3;Romain;Buzarens;Ligneux;4;B_L;Insecta;Hymenoptera;Formicidae;Pheidole;Pheidole_pallidula;19
B.L.B.B3.1710;B.L.B.B3;Romain;Buzarens;Ligneux;4;B_L;Collembola;Entomobryomorpha;;;;5
B.L.B.B3.1710;B.L.B.B3;Romain;Buzarens;Ligneux;4;B_L;Collembola;Poduromorpha;;;;2
B.L.B.B3.1710;B.L.B.B3;Romain;Buzarens;Ligneux;4;B_L;Insecta;Hemiptera;Cicadellidae;;MT_noir;1
B.L.B.B3.1710;B.L.B.B3;Romain;Buzarens;Ligneux;4;B_L;Hexapoda;;;;MT_col_trompe;2
B.L.B.B3.1710;B.L.B.B3;Romain;Buzarens;Ligneux;4;B_L;Collembola;Symphypleona;;;;6
T.NL.B.B3.1110;T.NL.B.B3;Johanne;Triballe;Non_ligneux;2;T_NL;Insecta;Coleoptera;Staphynilidae;Ocypus;Ocypus_olens;2
T.NL.B.B3.1110;T.NL.B.B3;Johanne;Triballe;Non_ligneux;2;T_NL;Insecta;Diptera;Drosophilidae;Drosophila;Drosophila_melanogaster;28
T.NL.B.B3.1110;T.NL.B.B3;Johanne;Triballe;Non_ligneux;2;T_NL;Insecta;Hymenoptera;Formicidae;;MT_fourm_marron;1
T.NL.B.B3.1110;T.NL.B.B3;Johanne;Triballe;Non_ligneux;2;T_NL;Insecta;Coleoptera;Corylophidae;Sericoderus;MT_carapace;2
T.NL.B.B3.1110;T.NL.B.B3;Johanne;Triballe;Non_ligneux;2;T_NL;Acari;;;;;1
T.NL.B.B3.1110;T.NL.B.B3;Johanne;Triballe;Non_ligneux;2;T_NL;Insecta;Diptera;Cecidomyiidae;;MT_moustique;1
B.L.C.B1.1710;B.L.C.B1;Romain;Buzarens;Ligneux;4;B_L;Insecta;Coleoptera;Nitidulidae;Epuraea;;4
B.L.C.B1.1710;B.L.C.B1;Romain;Buzarens;Ligneux;4;B_L;Hexapoda;;;;MT_col_trompe;3
B.L.C.B1.1710;B.L.C.B1;Romain;Buzarens;Ligneux;4;B_L;Insecta;Diptera;Drosophilidae;Drosophila;Drosophila_melanogaster;3
B.L.C.B1.1710;B.L.C.B1;Romain;Buzarens;Ligneux;4;B_L;Insecta;Hymenoptera;Formicidae;Pheidole;Pheidole_pallidula;4
B.L.C.B1.1710;B.L.C.B1;Romain;Buzarens;Ligneux;4;B_L;Collembola;Entomobryomorpha;;;;4
B.L.C.B1.1710;B.L.C.B1;Romain;Buzarens;Ligneux;4;B_L;Collembola;Poduromorpha;;;;2
B.L.C.B1.1710;B.L.C.B1;Romain;Buzarens;Ligneux;4;B_L;Arachnida;Araneae;;;MT_petit;1
B.L.C.B1.1710;B.L.C.B1;Romain;Buzarens;Ligneux;4;B_L;Insecta;Hymenoptera;Formicidae;Tapinoma;MT_fourm_marron;2
B.L.C.B1.1710;B.L.C.B1;Romain;Buzarens;Ligneux;4;B_L;Insecta;Diptera;Sciaridae;;;1
B.L.C.B1.1710;B.L.C.B1;Romain;Buzarens;Ligneux;4;B_L;Acari;Trombidiformes;;;MT_goutte;2
B.NL.C.B1.0810;B.NL.C.B1;Romain;Buzarens;Non_ligneux;1;B_NL;Insecta;Coleoptera;Staphynilidae;Ocypus;Ocypus_olens;2
B.NL.C.B1.0810;B.NL.C.B1;Romain;Buzarens;Non_ligneux;1;B_NL;Gastropoda;Stylommatophora;Geomitridae;Cochilcella;Cochlicella_acuta;1
B.NL.C.B1.0810;B.NL.C.B1;Romain;Buzarens;Non_ligneux;1;B_NL;Arachnida;Araneae;Lycosidae;Alopecosa;;1
B.NL.C.B1.0810;B.NL.C.B1;Romain;Buzarens;Non_ligneux;1;B_NL;Insecta;Diptera;Drosophilidae;Drosophila;Drosophila_melanogaster;12
B.NL.C.B1.0810;B.NL.C.B1;Romain;Buzarens;Non_ligneux;1;B_NL;Collembola;Symphypleona;;;;50
B.NL.C.B1.0810;B.NL.C.B1;Romain;Buzarens;Non_ligneux;1;B_NL;Collembola;Entomobryomorpha;;;;5
B.NL.C.B1.0810;B.NL.C.B1;Romain;Buzarens;Non_ligneux;1;B_NL;Acari;Anystidae;;;MT_point_rouge;1
B.NL.C.B1.0810;B.NL.C.B1;Romain;Buzarens;Non_ligneux;1;B_NL;Insecta;Hymenoptera;Formicidae;Pheidole;Pheidole_pallidula;1
B.NL.C.B1.0810;B.NL.C.B1;Romain;Buzarens;Non_ligneux;1;B_NL;Insecta;Hemiptera;Cicadellidae;;MT_transparent;1
B.NL.B.B3.0810;B.NL.B.B3;Romain;Buzarens;Non_ligneux;1;B_NL;Arachnida;Araneae;Lycosidae;Alopecosa;;1
B.NL.B.B3.0810;B.NL.B.B3;Romain;Buzarens;Non_ligneux;1;B_NL;Insecta;Diptera;Drosophilidae;Drosophila;Drosophila_melanogaster;4
B.NL.B.B3.0810;B.NL.B.B3;Romain;Buzarens;Non_ligneux;1;B_NL;Insecta;Hymenoptera;Formicidae;Pheidole;Pheidole_pallidula;30
B.NL.B.B3.0810;B.NL.B.B3;Romain;Buzarens;Non_ligneux;1;B_NL;Malacostraca;Isopoda;;;MT_blanc;1
B.NL.B.B3.0810;B.NL.B.B3;Romain;Buzarens;Non_ligneux;1;B_NL;Collembola;Symphypleona;;;;4
B.NL.B.B3.0810;B.NL.B.B3;Romain;Buzarens;Non_ligneux;1;B_NL;Insecta;Coleoptera;Curculionidae;;;1
B.NL.B.B3.0810;B.NL.B.B3;Romain;Buzarens;Non_ligneux;1;B_NL;Arachnida;Araneae;Phalangiidae;Phalangium;Phalangium_opilio;1
T.NL.C.B1.0810;T.NL.C.B1;Romain;Triballe;Non_ligneux;1;T_NL;Insecta;Coleoptera;Staphynilidae;Ocypus;Ocypus_olens;1
T.NL.C.B1.0810;T.NL.C.B1;Romain;Triballe;Non_ligneux;1;T_NL;Insecta;Diptera;Drosophilidae;Drosophila;Drosophila_melanogaster;16
T.NL.C.B1.0810;T.NL.C.B1;Romain;Triballe;Non_ligneux;1;T_NL;Insecta;Hymenoptera;Formicidae;Tapinoma;MT_fourm_marron;33
T.NL.C.B1.0810;T.NL.C.B1;Romain;Triballe;Non_ligneux;1;T_NL;Insecta;Forficule;;;;1
T.NL.C.B1.0810;T.NL.C.B1;Romain;Triballe;Non_ligneux;1;T_NL;Collembola;Symphypleona;;;;5
T.NL.C.B1.0810;T.NL.C.B1;Romain;Triballe;Non_ligneux;1;T_NL;Collembola;Entomobryomorpha;;;;2
T.NL.C.B1.0810;T.NL.C.B1;Romain;Triballe;Non_ligneux;1;T_NL;Hexapoda;;;;MT_col_trompe;4
T.NL.C.B1.0810;T.NL.C.B1;Romain;Triballe;Non_ligneux;1;T_NL;Collembola;Poduromorpha;;;;1
T.NL.C.B1.0810;T.NL.C.B1;Romain;Triballe;Non_ligneux;1;T_NL;Acari;Trombidiformes;Bdellidae;;;4
T.NL.C.B1.0810;T.NL.C.B1;Romain;Triballe;Non_ligneux;1;T_NL;Insecta;Hemiptera;Cicadellidae;;MT_transparent;1
T.NL.C.B1.0810;T.NL.C.B1;Romain;Triballe;Non_ligneux;1;T_NL;Insecta;Nematocera;;;;1
T.NL.C.B2.1710;T.NL.C.B2;Romain;Triballe;Non_ligneux;4;T_NL;Insecta;Coleoptera;Staphynilidae;Ocypus;Ocypus_olens;1
T.NL.C.B2.1710;T.NL.C.B2;Romain;Triballe;Non_ligneux;4;T_NL;Insecta;Diptera;Drosophilidae;Drosophila;Drosophila_melanogaster;7
T.NL.C.B2.1710;T.NL.C.B2;Romain;Triballe;Non_ligneux;4;T_NL;Collembola;Entomobryomorpha;;;;6
B.L.A.B3.1710;B.L.A.B3;Romain;Buzarens;Ligneux;4;B_L;Insecta;Coleoptera;Staphynilidae;Ocypus;Ocypus_olens;2
B.L.A.B3.1710;B.L.A.B3;Romain;Buzarens;Ligneux;4;B_L;Collembola;Poduromorpha;;;;1
B.L.A.B3.1710;B.L.A.B3;Romain;Buzarens;Ligneux;4;B_L;Insecta;Hymenoptera;Formicidae;Pheidole;Pheidole_pallidula;1
B.L.A.B3.1710;B.L.A.B3;Romain;Buzarens;Ligneux;4;B_L;Insecta;Coleoptera;Nitidulidae;Epuraea;;1
B.L.A.B3.1710;B.L.A.B3;Romain;Buzarens;Ligneux;4;B_L;Hexapoda;;;;MT_col_trompe;4
B.L.A.B3.1710;B.L.A.B3;Romain;Buzarens;Ligneux;4;B_L;Collembola;Symphypleona;;;;3
T.L.A.B3.1110;T.L.A.B3;Romain;Triballe;Ligneux;2;T_L;Insecta;Coleoptera;Staphynilidae;Ocypus;Ocypus_olens;2
T.L.A.B3.1110;T.L.A.B3;Romain;Triballe;Ligneux;2;T_L;Insecta;Hymenoptera;Formicidae;Tapinoma;;5
T.L.A.B3.1110;T.L.A.B3;Romain;Triballe;Ligneux;2;T_L;Insecta;Hymenoptera;Formicidae;Pheidole;Pheidole_pallidula;1
T.L.A.B3.1110;T.L.A.B3;Romain;Triballe;Ligneux;2;T_L;Insecta;Diptera;Drosophilidae;Drosophila;Drosophila_melanogaster;1
T.L.A.B3.1110;T.L.A.B3;Romain;Triballe;Ligneux;2;T_L;Insecta;Coleoptera;Chrysomelidae;Altise;MT_ortho;1
B.NL.A.B2.1110;B.NL.A.B2;Romain;Buzarens;Non_ligneux;2;B_NL;Insecta;Coleoptera;Staphynilidae;Ocypus;Ocypus_olens;1
B.NL.A.B2.1110;B.NL.A.B2;Romain;Buzarens;Non_ligneux;2;B_NL;Insecta;Diptera;Drosophilidae;Drosophila;Drosophila_melanogaster;8
B.NL.A.B2.1110;B.NL.A.B2;Romain;Buzarens;Non_ligneux;2;B_NL;Acari;Anystidae;;;MT_point_rouge;4
B.NL.A.B2.1110;B.NL.A.B2;Romain;Buzarens;Non_ligneux;2;B_NL;Collembola;Entomobryomorpha;;;;9
B.NL.A.B2.1110;B.NL.A.B2;Romain;Buzarens;Non_ligneux;2;B_NL;Collembola;Symphypleona;;;;4
B.NL.A.B2.1110;B.NL.A.B2;Romain;Buzarens;Non_ligneux;2;B_NL;Insecta;Hymenoptera;Formicidae;Pheidole;Pheidole_pallidula;3
B.NL.A.B2.1110;B.NL.A.B2;Romain;Buzarens;Non_ligneux;2;B_NL;Arachnida;Araneae;;;MT_abdolisse;1
B.L.B.B2.1410;B.L.B.B2;Romain;Buzarens;Ligneux;3;B_L;Insecta;Coleoptera;Staphynilidae;Ocypus;Ocypus_olens;1
B.L.B.B2.1410;B.L.B.B2;Romain;Buzarens;Ligneux;3;B_L;Collembola;Symphypleona;;;;60
B.L.B.B2.1410;B.L.B.B2;Romain;Buzarens;Ligneux;3;B_L;Collembola;Entomobryomorpha;;;;3
B.L.B.B2.1410;B.L.B.B2;Romain;Buzarens;Ligneux;3;B_L;Collembola;Poduromorpha;;;;25
B.L.B.B2.1410;B.L.B.B2;Romain;Buzarens;Ligneux;3;B_L;Insecta;Coleoptera;Corylophidae;Sericoderus;MT_carapace;1
B.L.B.B2.1410;B.L.B.B2;Romain;Buzarens;Ligneux;3;B_L;Insecta;Hymenoptera;Formicidae;Pheidole;Pheidole_pallidula;1
B.L.B.B2.1410;B.L.B.B2;Romain;Buzarens;Ligneux;3;B_L;Insecta;Coleoptera;Nitidulidae;Epuraea;;1
B.L.B.B2.1410;B.L.B.B2;Romain;Buzarens;Ligneux;3;B_L;Insecta;Diptera;Drosophilidae;Drosophila;Drosophila_melanogaster;3
B.L.B.B2.1410;B.L.B.B2;Romain;Buzarens;Ligneux;3;B_L;Arachnida;Araneae;;;MT_poiluclaire;1
B.L.B.B2.1410;B.L.B.B2;Romain;Buzarens;Ligneux;3;B_L;Insecta;Coleoptera;Curculionidae;;;1
B.L.A.B2.1410;B.L.A.B2;Romain;Buzarens;Ligneux;3;B_L;Insecta;Hymenoptera;Formicidae;Pheidole;Pheidole_pallidula;20
B.L.A.B2.1410;B.L.A.B2;Romain;Buzarens;Ligneux;3;B_L;Insecta;Diptera;Drosophilidae;Drosophila;Drosophila_melanogaster;1
B.L.A.B2.1410;B.L.A.B2;Romain;Buzarens;Ligneux;3;B_L;Collembola;Entomobryomorpha;;;;7
B.L.A.B2.1410;B.L.A.B2;Romain;Buzarens;Ligneux;3;B_L;Collembola;Symphypleona;;;;1
B.L.A.B2.1410;B.L.A.B2;Romain;Buzarens;Ligneux;3;B_L;Arachnida;Araneaea;;;MT_abdo_rond;1
B.L.A.B2.1410;B.L.A.B2;Romain;Buzarens;Ligneux;3;B_L;Hexapoda;;;;MT_col_trompe;1
T.NL.A.B3.1710;T.NL.A.B2;Julian;Triballe;Non_ligneux;4;T_NL;Insecta;Diptera;Drosophilidae;Drosophila;Drosophila_melanogaster;21
T.NL.A.B3.1710;T.NL.A.B2;Julian;Triballe;Non_ligneux;4;T_NL;Insecta;Hymenoptera;Formicidae;Tapinoma;;17
T.NL.A.B3.1710;T.NL.A.B2;Julian;Triballe;Non_ligneux;4;T_NL;Insecta;Hymenoptera;Formicidae;Pheidole;Pheidole_pallidula;1
T.NL.A.B3.1710;T.NL.A.B2;Julian;Triballe;Non_ligneux;4;T_NL;Insecta;Coleoptera;Staphynilidae;;;1
T.NL.A.B3.1710;T.NL.A.B2;Julian;Triballe;Non_ligneux;4;T_NL;Collembola;Symphypleona;;;;4
T.NL.A.B3.1710;T.NL.A.B2;Julian;Triballe;Non_ligneux;4;T_NL;Collembola;Entomobryomorpha;;;;10
T.NL.A.B3.1710;T.NL.A.B2;Julian;Triballe;Non_ligneux;4;T_NL;Collembola;Poduromorpha;;;;1
T.NL.A.B3.1710;T.NL.A.B2;Julian;Triballe;Non_ligneux;4;T_NL;Insecta;Diptera;Sciaridae;;;3
T.NL.A.B3.1710;T.NL.A.B2;Julian;Triballe;Non_ligneux;4;T_NL;Acari;Trombidiformes;Bdellidae;;;18
T.NL.A.B3.1710;T.NL.A.B2;Julian;Triballe;Non_ligneux;4;T_NL;Insecta;Coleoptera;Nitidulidae;Epuraea;;5
T.NL.C.B3.1710;T.NL.C.B3;Romain;Triballe;Non_ligneux;4;T_NL;Insecta;Coleoptera;Staphynilidae;Ocypus;Ocypus_olens;2
T.NL.C.B3.1710;T.NL.C.B3;Romain;Triballe;Non_ligneux;4;T_NL;Arachnida;Araneae;Lycosidae;Alopecosa;;1
T.NL.C.B3.1710;T.NL.C.B3;Romain;Triballe;Non_ligneux;4;T_NL;Gastropoda;Stylommatophora;;;MT_pulmo1;2
T.NL.C.B3.1710;T.NL.C.B3;Romain;Triballe;Non_ligneux;4;T_NL;Insecta;Diptera;Drosophilidae;Drosophila;Drosophila_melanogaster;6
T.NL.C.B3.1710;T.NL.C.B3;Romain;Triballe;Non_ligneux;4;T_NL;Insecta;Hymenoptera;Formicidae;Tapinoma;;1
T.NL.C.B3.1710;T.NL.C.B3;Romain;Triballe;Non_ligneux;4;T_NL;Collembola;Entomobryomorpha;;;;8
T.NL.C.B3.1710;T.NL.C.B3;Romain;Triballe;Non_ligneux;4;T_NL;Insecta;Diptera;Sciaridae;;;1
T.NL.C.B3.1710;T.NL.C.B3;Romain;Triballe;Non_ligneux;4;T_NL;Collembola;Symphypleona;;;;1
T.NL.C.B3.1710;T.NL.C.B3;Romain;Triballe;Non_ligneux;4;T_NL;Acari;Trombidiformes;Bdellidae;;;2
T.NL.C.B3.1710;T.NL.C.B3;Romain;Triballe;Non_ligneux;4;T_NL;Gastropoda;Stylommatophora;;;MT_pulmo4;1
M.NL.C.B2.1110;M.NL.C.B2;Johanne;Morties;Non_ligneux;2;M_NL;Insecta;Coleoptera;Staphynilidae;Ocypus;Ocypus_olens;5
M.NL.C.B2.1110;M.NL.C.B2;Johanne;Morties;Non_ligneux;2;M_NL;Collembola;Entomobryomorpha;;;;14
M.NL.C.B2.1110;M.NL.C.B2;Johanne;Morties;Non_ligneux;2;M_NL;Insecta;Diptera;Drosophilidae;Drosophila;Drosophila_melanogaster;3
M.NL.C.B2.1110;M.NL.C.B2;Johanne;Morties;Non_ligneux;2;M_NL;Collembola;Poduromorpha;;;;2
M.NL.C.B2.1110;M.NL.C.B2;Johanne;Morties;Non_ligneux;2;M_NL;Insecta;Hemiptera;;;MT_hemipt_jaune;2
M.NL.C.B2.1110;M.NL.C.B2;Johanne;Morties;Non_ligneux;2;M_NL;Insecta;Hymenoptera;Formicidae;Pheidole;Pheidole_pallidula;1
M.NL.C.B2.1110;M.NL.C.B2;Johanne;Morties;Non_ligneux;2;M_NL;Collembola;Symphypleona;;;;1
M.NL.C.B2.1110;M.NL.C.B2;Johanne;Morties;Non_ligneux;2;M_NL;Acari;Oribate;;;MT_acari_poils;1
M.NL.C.B2.1110;M.NL.C.B2;Johanne;Morties;Non_ligneux;2;M_NL;Hexapoda;;;;MT_col_trompe;1
M.NL.C.B2.1110;M.NL.C.B2;Johanne;Morties;Non_ligneux;2;M_NL;Acari;Trombidiformes;Bdellidae;;MT_acari_jaune;2
M.NL.C.B2.1110;M.NL.C.B2;Johanne;Morties;Non_ligneux;2;M_NL;Insecta;Diptera;;;MT_dipt_LP;2
M.NL.C.B2.1110;M.NL.C.B2;Johanne;Morties;Non_ligneux;2;M_NL;Malacostraca;Isopoda;;;MT_iso_10;1
M.NL.C.B2.1110;M.NL.C.B2;Johanne;Morties;Non_ligneux;2;M_NL;Insecta;Diptera;;;MT_moustique2;2
T.NL.C.B3.0810;T.NL.C.B3;Romain;Triballe;Non_ligneux;1;T_NL;Insecta;Diptera;Drosophilidae;Drosophila;Drosophila_melanogaster;24
T.NL.C.B3.0810;T.NL.C.B3;Romain;Triballe;Non_ligneux;1;T_NL;Insecta;Coleoptera;Staphynilidae;Ocypus;Ocypus_olens;1
T.NL.C.B3.0810;T.NL.C.B3;Romain;Triballe;Non_ligneux;1;T_NL;Insecta;Diptera;Sciaridae;;;1
T.NL.C.B3.0810;T.NL.C.B3;Romain;Triballe;Non_ligneux;1;T_NL;Collembola;Entomobryomorpha;;;;19
T.NL.C.B3.0810;T.NL.C.B3;Romain;Triballe;Non_ligneux;1;T_NL;Collembola;Symphypleona;;;;2
T.NL.C.B3.0810;T.NL.C.B3;Romain;Triballe;Non_ligneux;1;T_NL;Insecta;Coleoptera;Nitidulidae;Epuraea;;1
T.NL.C.B3.0810;T.NL.C.B3;Romain;Triballe;Non_ligneux;1;T_NL;Insecta;Coleoptera;Staphynilidae;Ocypus;Ocypus_olens;3
T.NL.C.B3.0810;T.NL.C.B3;Romain;Triballe;Non_ligneux;1;T_NL;Insecta;Coleoptera;Corylophidae;Sericoderus;MT_carapace;1
T.L.B.B1.1110;T.L.B.B1;Julian;Triballe;Ligneux;2;T_L;Insecta;Blattodea;Ectobiidae;Loboptera;MT_blatte;1
T.L.B.B1.1110;T.L.B.B1;Julian;Triballe;Ligneux;2;T_L;Collembola;Entomobryomorpha;;;;4
T.L.B.B1.1110;T.L.B.B1;Julian;Triballe;Ligneux;2;T_L;Acari;Trombidiformes;Bdellidae;;;5
T.L.B.B1.1110;T.L.B.B1;Julian;Triballe;Ligneux;2;T_L;Insecta;Hemiptera;;;MT_hemipt_jaune;3
T.L.B.B1.1110;T.L.B.B1;Julian;Triballe;Ligneux;2;T_L;Collembola;Symphypleona;;;;1
T.L.B.B1.1110;T.L.B.B1;Julian;Triballe;Ligneux;2;T_L;Insecta;Hemiptera;Cicadellidae;;MT_noir;2
T.L.B.B1.1110;T.L.B.B1;Julian;Triballe;Ligneux;2;T_L;Insecta;Diptera;Drosophilidae;Drosophila;Drosophila_melanogaster;2
M.NL.A.B3.0810;M.NL.A.B3;Romain;Morties;Non_ligneux;1;M_NL;Insecta;Coleoptera;Staphynilidae;Ocypus;Ocypus_olens;3
M.NL.A.B3.0810;M.NL.A.B3;Romain;Morties;Non_ligneux;1;M_NL;Insecta;Diptera;Drosophilidae;Drosophila;Drosophila_melanogaster;7
M.NL.A.B3.0810;M.NL.A.B3;Romain;Morties;Non_ligneux;1;M_NL;Collembola;Entomobryomorpha;;;;6
M.NL.A.B3.0810;M.NL.A.B3;Romain;Morties;Non_ligneux;1;M_NL;Insecta;Hymenoptera;Formicidae;Pheidole;Pheidole_pallidula;5
M.NL.A.B3.0810;M.NL.A.B3;Romain;Morties;Non_ligneux;1;M_NL;Insecta;Hemiptera;;;MT_hemipt_jaune;100
M.NL.A.B3.0810;M.NL.A.B3;Romain;Morties;Non_ligneux;1;M_NL;Collembola;Symphypleona;;;;2
M.NL.A.B3.0810;M.NL.A.B3;Romain;Morties;Non_ligneux;1;M_NL;Insecta;Hemiptera;;;MT_form84l;1
M.NL.A.B3.0810;M.NL.A.B3;Romain;Morties;Non_ligneux;1;M_NL;Acari;Trombidiformes;Prostigmata;;MT_acar1;8
M.NL.A.B3.0810;M.NL.A.B3;Romain;Morties;Non_ligneux;1;M_NL;Acari;Oribate;;;;1
M.NL.A.B3.0810;M.NL.A.B3;Romain;Morties;Non_ligneux;1;M_NL;Insecta;Coleoptera;Corylophidae;Sericoderus;MT_carapace;2
M.L.B.B1.0810;M.L.B.B1;Johanne;Morties;Ligneux;1;M_L;Insecta;Coleoptera;Staphynilidae;Ocypus;Ocypus_olens;1
M.L.B.B1.0810;M.L.B.B1;Johanne;Morties;Ligneux;1;M_L;Arachnida;Araneae;Lycosidae;Alopecosa;;1
M.L.B.B1.0810;M.L.B.B1;Johanne;Morties;Ligneux;1;M_L;Insecta;Diptera;Drosophilidae;Drosophila;Drosophila_melanogaster;6
M.L.B.B1.0810;M.L.B.B1;Johanne;Morties;Ligneux;1;M_L;Insecta;Diptera;Drosophilidae;;MT_droso_noir;1
M.L.B.B1.0810;M.L.B.B1;Johanne;Morties;Ligneux;1;M_L;Insecta;Hymenoptera;Formicidae;Pheidole;Pheidole_pallidula;18
M.L.B.B1.0810;M.L.B.B1;Johanne;Morties;Ligneux;1;M_L;Insecta;Hymenoptera;Formicidae;;MT_form2;2
M.L.B.B1.0810;M.L.B.B1;Johanne;Morties;Ligneux;1;M_L;Insecta;Coleoptera;Chrysomelidae;;MT_coleo_mimi;1
M.L.B.B1.0810;M.L.B.B1;Johanne;Morties;Ligneux;1;M_L;Arachnida;Araneae;;;MT_clair;1
M.L.B.B1.0810;M.L.B.B1;Johanne;Morties;Ligneux;1;M_L;Collembola;Symphypleona;;;;4
M.L.B.B1.0810;M.L.B.B1;Johanne;Morties;Ligneux;1;M_L;Acari;;;;;1
M.L.B.B1.0810;M.L.B.B1;Johanne;Morties;Ligneux;1;M_L;Collembola;Poduromorpha;;;;1
M.L.B.B1.0810;M.L.B.B1;Johanne;Morties;Ligneux;1;M_L;Insecta;Diptera;;;MT_dipt_noir;3
M.L.B.B1.0810;M.L.B.B1;Johanne;Morties;Ligneux;1;M_L;Hexapoda;;;;MT_col_trompe;1
B.L.A.B2.0810;B.L.A.B2;Romain;Buzarens;Ligneux;1;B_L;Insecta;Coleoptera;Staphynilidae;Ocypus;Ocypus_olens;2
B.L.A.B2.0810;B.L.A.B2;Romain;Buzarens;Ligneux;1;B_L;Gastropoda;Stylommatophora;;;MT_pulmo1;1
B.L.A.B2.0810;B.L.A.B2;Romain;Buzarens;Ligneux;1;B_L;Insecta;Diptera;Drosophilidae;Drosophila;Drosophila_melanogaster;8
B.L.A.B2.0810;B.L.A.B2;Romain;Buzarens;Ligneux;1;B_L;Insecta;Hymenoptera;Formicidae;Pheidole;Pheidole_pallidula;8
B.L.A.B2.0810;B.L.A.B2;Romain;Buzarens;Ligneux;1;B_L;Collembola;Symphypleona;;;;19
B.L.A.B2.0810;B.L.A.B2;Romain;Buzarens;Ligneux;1;B_L;Acari;Anystidae;;;MT_point_rouge;1
B.L.A.B2.0810;B.L.A.B2;Romain;Buzarens;Ligneux;1;B_L;Collembola;Entomobryomorpha;;;;13
B.L.A.B2.0810;B.L.A.B2;Romain;Buzarens;Ligneux;1;B_L;Insecta;Diptera;Sciaridae;;;1
B.L.A.B2.0810;B.L.A.B2;Romain;Buzarens;Ligneux;1;B_L;Arachnida;Araneae;;;MT_pattejaune;2
M.L.C.B3.0810;M.L.C.B3;Romain;Morties;Ligneux;1;M_L;Insecta;Diptera;Drosophilidae;Drosophila;Drosophila_melanogaster;7
M.L.C.B3.0810;M.L.C.B3;Romain;Morties;Ligneux;1;M_L;Insecta;Hymenoptera;Formicidae;Pheidole;Pheidole_pallidula;4
M.L.C.B3.0810;M.L.C.B3;Romain;Morties;Ligneux;1;M_L;Collembola;Entomobryomorpha;;;;4
M.L.C.B3.0810;M.L.C.B3;Romain;Morties;Ligneux;1;M_L;Collembola;Symphypleona;;;;2
M.L.C.B3.0810;M.L.C.B3;Romain;Morties;Ligneux;1;M_L;Acari;Oribate;;;;4
M.L.C.B3.0810;M.L.C.B3;Romain;Morties;Ligneux;1;M_L;Arachnida;Araneae;Lycosidae;Alopecosa;;1
M.NL.A.B1.0810;M.NL.A.B1;Romain;Morties;Non_ligneux;1;M_NL;Insecta;Coleoptera;Staphynilidae;Ocypus;Ocypus_olens;5
M.NL.A.B1.0810;M.NL.A.B1;Romain;Morties;Non_ligneux;1;M_NL;Insecta;Hymenoptera;Formicidae;Pheidole;Pheidole_pallidula;40
M.NL.A.B1.0810;M.NL.A.B1;Romain;Morties;Non_ligneux;1;M_NL;Arachnida;Araneae;Lycosidae;Alopecosa;;2
M.NL.A.B1.0810;M.NL.A.B1;Romain;Morties;Non_ligneux;1;M_NL;Insecta;Diptera;Drosophilidae;Drosophila;Drosophila_melanogaster;9
M.NL.A.B1.0810;M.NL.A.B1;Romain;Morties;Non_ligneux;1;M_NL;Collembola;Entomobryomorpha;;;;14
M.NL.A.B1.0810;M.NL.A.B1;Romain;Morties;Non_ligneux;1;M_NL;Collembola;Symphypleona;;;;4
M.NL.A.B1.0810;M.NL.A.B1;Romain;Morties;Non_ligneux;1;M_NL;Hexapoda;;;;MT_col_trompe;6
M.NL.A.B1.0810;M.NL.A.B1;Romain;Morties;Non_ligneux;1;M_NL;Acari;Oribate;;;;2
M.NL.A.B1.0810;M.NL.A.B1;Romain;Morties;Non_ligneux;1;M_NL;Insecta;Lepidoptera;;;MT_chenille1;2
M.NL.A.B1.0810;M.NL.A.B1;Romain;Morties;Non_ligneux;1;M_NL;Insecta;Coleoptera;;;MT_punaise;1
M.L.C.B2.1110;M.L.C.B2;Romain;Morties;Ligneux;2;M_L;Insecta;Coleoptera;Staphynilidae;Ocypus;Ocypus_olens;2
M.L.C.B2.1110;M.L.C.B2;Romain;Morties;Ligneux;2;M_L;Insecta;Diptera;Drosophilidae;Drosophila;Drosophila_melanogaster;3
M.L.C.B2.1110;M.L.C.B2;Romain;Morties;Ligneux;2;M_L;Insecta;Hymenoptera;Formicidae;Pheidole;Pheidole_pallidula;2
M.L.C.B2.1110;M.L.C.B2;Romain;Morties;Ligneux;2;M_L;Collembola;Entomobryomorpha;;;;10
M.L.C.B2.1110;M.L.C.B2;Romain;Morties;Ligneux;2;M_L;Insecta;Coleoptera;Corylophidae;Sericoderus;MT_carapace;1
M.L.C.B2.1110;M.L.C.B2;Romain;Morties;Ligneux;2;M_L;Collembola;Poduromorpha;;;;4
M.L.C.B2.1110;M.L.C.B2;Romain;Morties;Ligneux;2;M_L;Arachnida;Araneae;;;MT_yeuxbleu;1
M.L.A.B3.0810;M.L.A.B3;Johanne;Morties;Ligneux;1;M_L;Insecta;Coleoptera;Staphynilidae;Ocypus;Ocypus_olens;1
M.L.A.B3.0810;M.L.A.B3;Johanne;Morties;Ligneux;1;M_L;Collembola;Entomobryomorpha;;;;3
M.L.A.B3.0810;M.L.A.B3;Johanne;Morties;Ligneux;1;M_L;Collembola;Poduromorpha;;;;2
M.L.A.B3.0810;M.L.A.B3;Johanne;Morties;Ligneux;1;M_L;Insecta;Diptera;Drosophilidae;Drosophila;Drosophila_melanogaster;2
M.L.A.B3.0810;M.L.A.B3;Johanne;Morties;Ligneux;1;M_L;Insecta;Coleoptera;Corylophidae;Sericoderus;MT_carapace;1
M.L.A.B3.0810;M.L.A.B3;Johanne;Morties;Ligneux;1;M_L;Insecta;Hymenoptera;Formicidae;Pheidole;Pheidole_pallidula;4
M.L.B.B3.1710;M.L.B.B3;Romain;Morties;Ligneux;4;M_L;Insecta;Diptera;Drosophilidae;Drosophila;Drosophila_melanogaster;6
M.L.B.B3.1710;M.L.B.B3;Romain;Morties;Ligneux;4;M_L;Insecta;Hymenoptera;Formicidae;Pheidole;Pheidole_pallidula;1
M.L.B.B3.1710;M.L.B.B3;Romain;Morties;Ligneux;4;M_L;Insecta;Coleoptera;Corylophidae;Sericoderus;MT_carapace;2
M.L.B.B3.1710;M.L.B.B3;Romain;Morties;Ligneux;4;M_L;Insecta;Hemiptera;Cicadellidae;;MT_blanc;1
M.L.B.B3.1710;M.L.B.B3;Romain;Morties;Ligneux;4;M_L;Insecta;Hemiptera;;;MT_hemipt_jaune;2
M.L.B.B3.1710;M.L.B.B3;Romain;Morties;Ligneux;4;M_L;Acari;Oribate;;;;2
B.NL.A.B1.0810;B.NL.A.B1;Romain;Buzarens;Non_ligneux;1;B_NL;Insecta;Diptera;Drosophilidae;Drosophila;Drosophila_melanogaster;12
B.NL.A.B1.0810;B.NL.A.B1;Romain;Buzarens;Non_ligneux;1;B_NL;Insecta;Hymenoptera;Formicidae;Pheidole;Pheidole_pallidula;4
B.NL.A.B1.0810;B.NL.A.B1;Romain;Buzarens;Non_ligneux;1;B_NL;Arachnida;Araneae;;;MT_yeuxbleu;1
B.NL.A.B1.0810;B.NL.A.B1;Romain;Buzarens;Non_ligneux;1;B_NL;Arachnida;Araneae;Lycosidae;Alopecosa;;1
B.NL.A.B1.0810;B.NL.A.B1;Romain;Buzarens;Non_ligneux;1;B_NL;Arachnida;Araneae;;;MT_leopard;1
B.NL.A.B1.0810;B.NL.A.B1;Romain;Buzarens;Non_ligneux;1;B_NL;Collembola;Symphypleona;;;;70
B.NL.A.B1.0810;B.NL.A.B1;Romain;Buzarens;Non_ligneux;1;B_NL;Collembola;Poduromoprha;;;;2
B.NL.A.B1.0810;B.NL.A.B1;Romain;Buzarens;Non_ligneux;1;B_NL;Collembola;Entomobryomorpha;;;;4
B.NL.A.B1.0810;B.NL.A.B1;Romain;Buzarens;Non_ligneux;1;B_NL;Hexapoda;;;;MT_col_trompe;3
T.NL.A.B3.0810;T.NL.A.B3;Johanne;Triballe;Non_ligneux;1;T_NL;Insecta;Coleoptera;Staphynilidae;Ocypus;Ocypus_olens;2
T.NL.A.B3.0810;T.NL.A.B3;Johanne;Triballe;Non_ligneux;1;T_NL;Insecta;Diptera;Drosophilidae;Drosophila;Drosophila_melanogaster;26
T.NL.A.B3.0810;T.NL.A.B3;Johanne;Triballe;Non_ligneux;1;T_NL;Insecta;Diptera;;;MT_dipt_zèbre;1
T.NL.A.B3.0810;T.NL.A.B3;Johanne;Triballe;Non_ligneux;1;T_NL;Collembola;Entomobryomorpha;;;;40
T.NL.A.B3.0810;T.NL.A.B3;Johanne;Triballe;Non_ligneux;1;T_NL;Acari;Oribate;;;MT_acari_poils;1
T.NL.A.B3.0810;T.NL.A.B3;Johanne;Triballe;Non_ligneux;1;T_NL;Hexapoda;;;;MT_col_trompe;1
T.NL.A.B3.0810;T.NL.A.B3;Johanne;Triballe;Non_ligneux;1;T_NL;Collembola;Symphypleona;;;;8
T.NL.A.B3.0810;T.NL.A.B3;Johanne;Triballe;Non_ligneux;1;T_NL;Insecta;Coleoptera;Nitidulidae;Epuraea;MT_coleo_orange;1
T.NL.A.B3.0810;T.NL.A.B3;Johanne;Triballe;Non_ligneux;1;T_NL;Collembola;Poduromoprha;;;;2
T.NL.A.B3.0810;T.NL.A.B3;Johanne;Triballe;Non_ligneux;1;T_NL;Insecta;Hymenoptera;Formicidae;Pheidole;Pheidole_pallidula;4
T.NL.A.B3.0810;T.NL.A.B3;Johanne;Triballe;Non_ligneux;1;T_NL;Insecta;Coleoptera;Staphynilidae;Ocypus;Ocypus_olens;10
T.NL.A.B3.0810;T.NL.A.B3;Johanne;Triballe;Non_ligneux;1;T_NL;Insecta;Diptera;Drosophilidae;;MT_droso_noir2;1
B.NL.C.B2.0810;B.NL.C.B2;Romain;Buzarens;Non_ligneux;1;B_NL;Insecta;Hymenoptera;Formicidae;Pheidole;Pheidole_pallidula;26
B.NL.C.B2.0810;B.NL.C.B2;Romain;Buzarens;Non_ligneux;1;B_NL;Collembola;Entomobryomorpha;;;;4
B.NL.C.B2.0810;B.NL.C.B2;Romain;Buzarens;Non_ligneux;1;B_NL;Collembola;Symphypleona;;;;19
B.NL.C.B2.0810;B.NL.C.B2;Romain;Buzarens;Non_ligneux;1;B_NL;Arachnida;Araneae;Lycosidae;Alopecosa;;2
B.NL.C.B2.0810;B.NL.C.B2;Romain;Buzarens;Non_ligneux;1;B_NL;Arachnida;Araneae;;;MT_leopard;1
B.NL.C.B2.0810;B.NL.C.B2;Romain;Buzarens;Non_ligneux;1;B_NL;Diplopode;Polydesmida;;;;1
M.NL.A.B2.0810;M.NL.A.B2;Romain;Morties;Non_ligneux;1;M_NL;Insecta;Hymenoptera;Formicidae;Pheidole;Pheidole_pallidula;6
M.NL.A.B2.0810;M.NL.A.B2;Romain;Morties;Non_ligneux;1;M_NL;Insecta;Diptera;Drosophilidae;Drosophila;Drosophila_melanogaster;3
M.NL.A.B2.0810;M.NL.A.B2;Romain;Morties;Non_ligneux;1;M_NL;Collembola;Entomobryomorpha;;;;5
M.NL.A.B2.0810;M.NL.A.B2;Romain;Morties;Non_ligneux;1;M_NL;Collembola;Symphypleona;;;;2
M.NL.A.B2.0810;M.NL.A.B2;Romain;Morties;Non_ligneux;1;M_NL;Insecta;Hemiptera;Cicadellidae;;MT_blanc;1
M.NL.A.B2.0810;M.NL.A.B2;Romain;Morties;Non_ligneux;1;M_NL;Insecta;Hemiptera;;;MT_hemipt_jaune;10
M.NL.A.B2.0810;M.NL.A.B2;Romain;Morties;Non_ligneux;1;M_NL;Acari;Oribate;;;;7
M.NL.A.B2.0810;M.NL.A.B2;Romain;Morties;Non_ligneux;1;M_NL;Diplopode;;;;MT_boule;1
M.NL.A.B2.1710;M.NL.A.B2;Johanne;Morties;Non_ligneux;4;M_NL;Insecta;Diptera;Drosophilidae;Drosophila;Drosophila_melanogaster;4
M.NL.A.B2.1710;M.NL.A.B2;Johanne;Morties;Non_ligneux;4;M_NL;Insecta;Hemiptera;;;MT_form84l;1
M.NL.A.B2.1710;M.NL.A.B2;Johanne;Morties;Non_ligneux;4;M_NL;Insecta;Hemiptera;;;MT_hemipt_jaune;35
M.NL.A.B2.1710;M.NL.A.B2;Johanne;Morties;Non_ligneux;4;M_NL;Acari;Trombidiformes;Prostigmata;;MT_acari_goute;3
M.NL.A.B2.1710;M.NL.A.B2;Johanne;Morties;Non_ligneux;4;M_NL;Insecta;Neuroptera;;;;1
M.NL.A.B2.1710;M.NL.A.B2;Johanne;Morties;Non_ligneux;4;M_NL;Insecta;Diptera;;;;1
M.NL.A.B2.1710;M.NL.A.B2;Johanne;Morties;Non_ligneux;4;M_NL;Collembola;Poduromoprha;;;;2
M.NL.A.B2.1710;M.NL.A.B2;Johanne;Morties;Non_ligneux;4;M_NL;Insecta;Hymenoptera;Formicidae;Pheidole;Pheidole_pallidula;1
B.NL.B.B2.0810;B.NL.B.B2;Romain;Buzarens;Non_ligneux;1;B_NL;Insecta;Coleoptera;Staphynilidae;Ocypus;Ocypus_olens;2
B.NL.B.B2.0810;B.NL.B.B2;Romain;Buzarens;Non_ligneux;1;B_NL;Insecta;Diptera;Drosophilidae;Drosophila;Drosophila_melanogaster;8
B.NL.B.B2.0810;B.NL.B.B2;Romain;Buzarens;Non_ligneux;1;B_NL;Insecta;Hymenoptera;Formicidae;Pheidole;Pheidole_pallidula;25
B.NL.B.B2.0810;B.NL.B.B2;Romain;Buzarens;Non_ligneux;1;B_NL;Collembola;Symphypleona;;;;25
B.NL.B.B2.0810;B.NL.B.B2;Romain;Buzarens;Non_ligneux;1;B_NL;Collembola;Entomobryomorpha;;;;15
B.NL.B.B2.0810;B.NL.B.B2;Romain;Buzarens;Non_ligneux;1;B_NL;Acari;Anystidae;;;MT_point_rouge;1
B.NL.B.B2.0810;B.NL.B.B2;Romain;Buzarens;Non_ligneux;1;B_NL;Acari;Oribate;;;;1
B.NL.B.B2.0810;B.NL.B.B2;Romain;Buzarens;Non_ligneux;1;B_NL;Acari;Trombidiformes;Bdellidae;;;4
B.NL.B.B2.0810;B.NL.B.B2;Romain;Buzarens;Non_ligneux;1;B_NL;Arachnida;Araneae;;;MT_tete_jaune;1
B.NL.B.B2.0810;B.NL.B.B2;Romain;Buzarens;Non_ligneux;1;B_NL;Insecta;Coleoptera;;;MT_thorax_orange;1
B.NL.B.B2.0810;B.NL.B.B2;Romain;Buzarens;Non_ligneux;1;B_NL;Hexapoda;;;;MT_col_trompe;1
T.NL.B.B3.0810;T.NL.B.B3;Romain;Triballe;Non_ligneux;1;T_NL;Insecta;Diptera;Drosophilidae;Drosophila;Drosophila_melanogaster;45
T.NL.B.B3.0810;T.NL.B.B3;Romain;Triballe;Non_ligneux;1;T_NL;Insecta;Hymenoptera;Formicidae;Pheidole;Pheidole_pallidula;2
T.NL.B.B3.0810;T.NL.B.B3;Romain;Triballe;Non_ligneux;1;T_NL;Insecta;Diptera;Sciaridae;;;1
T.NL.B.B3.0810;T.NL.B.B3;Romain;Triballe;Non_ligneux;1;T_NL;Collembola;Entomobryomorpha;;;;15
T.NL.B.B3.0810;T.NL.B.B3;Romain;Triballe;Non_ligneux;1;T_NL;Collembola;Symphypleona;;;;3
T.NL.B.B3.0810;T.NL.B.B3;Romain;Triballe;Non_ligneux;1;T_NL;Acari;Trombidiformes;Bdellidae;;;5
T.NL.B.B3.0810;T.NL.B.B3;Romain;Triballe;Non_ligneux;1;T_NL;Acari;Oribate;;;;5
T.NL.B.B3.0810;T.NL.B.B3;Romain;Triballe;Non_ligneux;1;T_NL;Hexapoda;;;;MT_col_trompe;1
T.NL.B.B3.0810;T.NL.B.B3;Romain;Triballe;Non_ligneux;1;T_NL;Insecta;Coleoptera;Staphynilidae;Ocypus;Ocypus_olens;2
T.NL.B.B3.0810;T.NL.B.B3;Romain;Triballe;Non_ligneux;1;T_NL;Insecta;Coleoptera;Nitidulidae;Epuraea;;1
T.NL.B.B3.0810;T.NL.B.B3;Romain;Triballe;Non_ligneux;1;T_NL;Insecta;Hymenoptera;Formicidae;Tapinoma;;1
T.NL.B.B3.0810;T.NL.B.B3;Romain;Triballe;Non_ligneux;1;T_NL;Insecta;Diptera;;;MT_abdo_blanc;1
T.NL.B.B3.0810;T.NL.B.B3;Romain;Triballe;Non_ligneux;1;T_NL;Diplopode;;;;MT_petit_blanc;1
B.NL.C.B1.1110;B.NL.C.B1;Romain;Buzarens;Non_ligneux;2;B_NL;Arachnida;Araneae;Lycosidae;Alopecosa;;4
B.NL.C.B1.1110;B.NL.C.B1;Romain;Buzarens;Non_ligneux;2;B_NL;Insecta;Diptera;Drosophilidae;Drosophila;Drosophila_melanogaster;20
B.NL.C.B1.1110;B.NL.C.B1;Romain;Buzarens;Non_ligneux;2;B_NL;Insecta;Hymenoptera;Formicidae;Pheidole;Pheidole_pallidula;2
B.NL.C.B1.1110;B.NL.C.B1;Romain;Buzarens;Non_ligneux;2;B_NL;Collembola;Symphypleona;;;;27
B.NL.C.B1.1110;B.NL.C.B1;Romain;Buzarens;Non_ligneux;2;B_NL;Collembola;Entomobryomorpha;;;;8
B.NL.C.B1.1110;B.NL.C.B1;Romain;Buzarens;Non_ligneux;2;B_NL;Acari;Oribate;;;;4
B.NL.C.B1.1110;B.NL.C.B1;Romain;Buzarens;Non_ligneux;2;B_NL;Acari;Anystidae;;;MT_point_rouge;2
B.NL.C.B1.1110;B.NL.C.B1;Romain;Buzarens;Non_ligneux;2;B_NL;Arachnida;Araneae;;;MT_abdolisse;1
B.NL.C.B1.1110;B.NL.C.B1;Romain;Buzarens;Non_ligneux;2;B_NL;Arachnida;Araneae;;;Mt_patte_blanche;1
M.L.C.B1.0810;M.L.C.B1;Romain;Morties;Ligneux;1;M_L;Insecta;Coleoptera;Staphynilidae;Ocypus;Ocypus_olens;2
M.L.C.B1.0810;M.L.C.B1;Romain;Morties;Ligneux;1;M_L;Insecta;Hymenoptera;Formicidae;Pheidole;Pheidole_pallidula;21
M.L.C.B1.0810;M.L.C.B1;Romain;Morties;Ligneux;1;M_L;Insecta;Diptera;Drosophilidae;Drosophila;Drosophila_melanogaster;2
M.L.C.B1.0810;M.L.C.B1;Romain;Morties;Ligneux;1;M_L;Collembola;Symphypleona;;;;8
M.L.C.B1.0810;M.L.C.B1;Romain;Morties;Ligneux;1;M_L;Collembola;Poduromorpha;;;;4
M.L.C.B1.0810;M.L.C.B1;Romain;Morties;Ligneux;1;M_L;Collembola;Entomobryomorpha;;;;2
M.L.C.B1.0810;M.L.C.B1;Romain;Morties;Ligneux;1;M_L;Acari;Oribate;;;;1
M.L.C.B1.0810;M.L.C.B1;Romain;Morties;Ligneux;1;M_L;Acari;Trombidiformes;Bdellidae;;;1
M.L.C.B1.0810;M.L.C.B1;Romain;Morties;Ligneux;1;M_L;Insecta;Diptera;Sciaridae;;;1
M.L.A.B2.0810;M.L.A.B2;Romain;Morties;Ligneux;1;M_L;Insecta;Coleoptera;Staphynilidae;Ocypus;Ocypus_olens;1
M.L.A.B2.0810;M.L.A.B2;Romain;Morties;Ligneux;1;M_L;Insecta;Hymenoptera;Formicidae;Pheidole;Pheidole_pallidula;14
M.L.A.B2.0810;M.L.A.B2;Romain;Morties;Ligneux;1;M_L;Insecta;Diptera;Drosophilidae;Drosophila;Drosophila_melanogaster;3
M.L.A.B2.0810;M.L.A.B2;Romain;Morties;Ligneux;1;M_L;Collembola;Symphypleona;;;;2
M.L.A.B2.0810;M.L.A.B2;Romain;Morties;Ligneux;1;M_L;Collembola;Entomobryomorpha;;;;6
M.L.A.B2.0810;M.L.A.B2;Romain;Morties;Ligneux;1;M_L;Acari;Oribate;;;;3
M.L.A.B2.0810;M.L.A.B2;Romain;Morties;Ligneux;1;M_L;Insecta;Diptera;Sciaridae;;;2
M.NL.B.B1.0810;M.NL.B.B1;Romain;Morties;Non_ligneux;1;M_NL;Insecta;Coleoptera;Staphynilidae;Ocypus;Ocypus_olens;1
M.NL.B.B1.0810;M.NL.B.B1;Romain;Morties;Non_ligneux;1;M_NL;Insecta;Hymenoptera;Formicidae;Tapinoma;;24
M.NL.B.B1.0810;M.NL.B.B1;Romain;Morties;Non_ligneux;1;M_NL;Insecta;Hymenoptera;Formicidae;Pheidole;Pheidole_pallidula;8
M.NL.B.B1.0810;M.NL.B.B1;Romain;Morties;Non_ligneux;1;M_NL;Insecta;Diptera;Drosophilidae;Drosophila;Drosophila_melanogaster;3
M.NL.B.B1.0810;M.NL.B.B1;Romain;Morties;Non_ligneux;1;M_NL;Collembola;Entomobryomorpha;;;;17
M.NL.B.B1.0810;M.NL.B.B1;Romain;Morties;Non_ligneux;1;M_NL;Arachnida;Araneae;;;;1
M.NL.C.B2.1710;M.NL.C.B2;Romain;Morties;Non_ligneux;4;M_NL;Insecta;Coleoptera;Staphynilidae;Ocypus;Ocypus_olens;1
M.NL.C.B2.1710;M.NL.C.B2;Romain;Morties;Non_ligneux;4;M_NL;Insecta;Hymenoptera;Formicidae;Pheidole;Pheidole_pallidula;1
M.NL.C.B2.1710;M.NL.C.B2;Romain;Morties;Non_ligneux;4;M_NL;Insecta;Hemiptera;;;MT_hemipt_jaune;40
M.NL.C.B2.1710;M.NL.C.B2;Romain;Morties;Non_ligneux;4;M_NL;Acari;Oribate;;;;3
M.NL.C.B2.1710;M.NL.C.B2;Romain;Morties;Non_ligneux;4;M_NL;Collembola;Symphypleona;;;;2
M.NL.C.B2.1710;M.NL.C.B2;Romain;Morties;Non_ligneux;4;M_NL;Insecta;Diptera;;;MT_abdo_blanc;1
M.NL.C.B3.1710;M.NL.C.B3;Johanne;Morties;Non_ligneux;4;M_NL;Insecta;Hemiptera;Auchenorryncha;;MT_auchenorryncha_blatte;25
M.NL.C.B3.1710;M.NL.C.B3;Johanne;Morties;Non_ligneux;4;M_NL;Collembola;Entomobryomorpha;;;;2
M.NL.C.B3.1710;M.NL.C.B3;Johanne;Morties;Non_ligneux;4;M_NL;Arachnida;Araneae;;;MT_ara_poils;1
M.NL.C.B3.1710;M.NL.C.B3;Johanne;Morties;Non_ligneux;4;M_NL;Acari;Oribate;;;MT_acari_poils;1
M.NL.C.B3.1710;M.NL.C.B3;Johanne;Morties;Non_ligneux;4;M_NL;Collembola;Symphypleona;;;;1
T.L.C.B2.0810;T.L.C.B2;Romain;Triballe;Ligneux;1;T_L;Insecta;Diptera;Drosophilidae;Drosophila;Drosophila_melanogaster;5
T.L.C.B2.0810;T.L.C.B2;Romain;Triballe;Ligneux;1;T_L;Insecta;Coleoptera;Staphynilidae;Ocypus;Ocypus_olens;2
T.L.C.B2.0810;T.L.C.B2;Romain;Triballe;Ligneux;1;T_L;Collembola;Symphypleona;;;;11
T.L.C.B2.0810;T.L.C.B2;Romain;Triballe;Ligneux;1;T_L;Collembola;Entomobryomorpha;;;;2
T.L.C.B2.0810;T.L.C.B2;Romain;Triballe;Ligneux;1;T_L;Insecta;Hymenoptera;Formicidae;Pheidole;Pheidole_pallidula;1
T.L.C.B2.0810;T.L.C.B2;Romain;Triballe;Ligneux;1;T_L;Acari;Trombidiformes;Prostigmata;;MT_acari_goute;1
T.L.C.B2.0810;T.L.C.B2;Romain;Triballe;Ligneux;1;T_L;Acari;Trombidiformes;Trombidiidae;;;1
B.L.C.B2.1710;B.L.C.B2;Romain;Buzarens;Ligneux;4;B_L;Insecta;Coleoptera;Staphynilidae;Ocypus;Ocypus_olens;2
B.L.C.B2.1710;B.L.C.B2;Romain;Buzarens;Ligneux;4;B_L;Insecta;Diptera;Drosophilidae;Drosophila;Drosophila_melanogaster;18
B.L.C.B2.1710;B.L.C.B2;Romain;Buzarens;Ligneux;4;B_L;Insecta;Hymenoptera;Formicidae;Pheidole;Pheidole_pallidula;1
B.L.C.B2.1710;B.L.C.B2;Romain;Buzarens;Ligneux;4;B_L;Gastropoda;Stylommatophora;Geomitridae;Cochilcella;Cochlicella acuta;1
B.L.C.B2.1710;B.L.C.B2;Romain;Buzarens;Ligneux;4;B_L;Collembola;Symphypleona;;;;70
B.L.C.B2.1710;B.L.C.B2;Romain;Buzarens;Ligneux;4;B_L;Collembola;Poduromorpha;;;;5
B.L.C.B2.1710;B.L.C.B2;Romain;Buzarens;Ligneux;4;B_L;Collembola;Entomobryomorpha;;;;1
B.L.C.B2.1710;B.L.C.B2;Romain;Buzarens;Ligneux;4;B_L;Acari;Trombidiformes;Bdellidae;;;30
M.L.A.B1.1110;M.L.A.B1;Romain;Morties;Ligneux;2;M_L;Insecta;Hymenoptera;Formicidae;Pheidole;Pheidole_pallidula;2
M.L.A.B1.1110;M.L.A.B1;Romain;Morties;Ligneux;2;M_L;Collembola;Symphypleona;;;;3
M.L.A.B1.1110;M.L.A.B1;Romain;Morties;Ligneux;2;M_L;Collembola;Entomobryomorpha;;;;2
M.L.A.B1.1110;M.L.A.B1;Romain;Morties;Ligneux;2;M_L;Insecta;Diptera;;;MT_abdo_blanc;1
M.NL.C.B1.1710;M.NL.C.B1;Romain;Morties;Non_ligneux;4;M_NL;Insecta;Hymenoptera;Formicidae;Pheidole;Pheidole_pallidula;1
M.NL.C.B1.1710;M.NL.C.B1;Romain;Morties;Non_ligneux;4;M_NL;Collembola;Entomobryomorpha;;;;23
M.NL.C.B1.1710;M.NL.C.B1;Romain;Morties;Non_ligneux;4;M_NL;Collembola;Symphypleona;;;;3
B.L.B.B3.1410;B.L.B.B3;Johanne;Buzarens;Ligneux;3;B_L;Collembola;Symphypleona;;;;23
B.L.B.B3.1410;B.L.B.B3;Johanne;Buzarens;Ligneux;3;B_L;Collembola;Poduromorpha;;;;4
B.L.B.B3.1410;B.L.B.B3;Johanne;Buzarens;Ligneux;3;B_L;Insecta;Coleoptera;Staphynilidae;Ocypus;Ocypus_olens;1
B.L.B.B3.1410;B.L.B.B3;Johanne;Buzarens;Ligneux;3;B_L;Acari;Trombidiformes;;;MT_goutte;4
B.L.B.B3.1410;B.L.B.B3;Johanne;Buzarens;Ligneux;3;B_L;Collembola;Entomobryomorpha;;;;2
B.L.B.B3.1410;B.L.B.B3;Johanne;Buzarens;Ligneux;3;B_L;Insecta;Hymenoptera;Formicidae;Pheidole;Pheidole_pallidula;1
B.L.B.B3.1410;B.L.B.B3;Johanne;Buzarens;Ligneux;3;B_L;Acari;Oribate;;;;1
B.L.B.B3.1410;B.L.B.B3;Johanne;Buzarens;Ligneux;3;B_L;Insecta;Hemiptera;;;MT_cicadelle;1
B.L.B.B3.1410;B.L.B.B3;Johanne;Buzarens;Ligneux;3;B_L;Acari;Trombidiformes;Bdellidae;;MT_acari_jaune;3
B.L.B.B3.1410;B.L.B.B3;Johanne;Buzarens;Ligneux;3;B_L;Acari;Oribate;;;MT_acari_poils;1
M.NL.C.B1.1110;M.NL.C.B1;Romain;Morties;Non_ligneux;2;M_NL;Insecta;Coleoptera;Staphynilidae;Ocypus;Ocypus_olens;2
M.NL.C.B1.1110;M.NL.C.B1;Romain;Morties;Non_ligneux;2;M_NL;Insecta;Hymenoptera;Formicidae;Tapinoma;;6
M.NL.C.B1.1110;M.NL.C.B1;Romain;Morties;Non_ligneux;2;M_NL;Insecta;Diptera;Drosophilidae;Drosophila;Drosophila_melanogaster;2
M.NL.C.B1.1110;M.NL.C.B1;Romain;Morties;Non_ligneux;2;M_NL;Isopoda;;;;MT_blanc;1
M.NL.C.B1.1110;M.NL.C.B1;Romain;Morties;Non_ligneux;2;M_NL;Collembola;Entomobryomorpha;;;;47
M.NL.C.B1.1110;M.NL.C.B1;Romain;Morties;Non_ligneux;2;M_NL;Collembola;Symphypleona;;;;2
M.NL.C.B1.1110;M.NL.C.B1;Romain;Morties;Non_ligneux;2;M_NL;Arachnida;Araneae;;;Mt_abdolisse;1
M.NL.C.B1.1110;M.NL.C.B1;Romain;Morties;Non_ligneux;2;M_NL;Insecta;Hemiptera;;;MT_hemipt_rouge;1
M.NL.C.B1.1110;M.NL.C.B1;Romain;Morties;Non_ligneux;2;M_NL;Insecta;Diptera;Sciaridae;;;1
B.L.C.B2.1410;B.L.C.B2;Romain;Buzarens;Ligneux;3;B_L;Insecta;Coleoptera;Staphynilidae;Ocypus;Ocypus_olens;2
B.L.C.B2.1410;B.L.C.B2;Romain;Buzarens;Ligneux;3;B_L;Insecta;Diptera;Drosophilidae;Drosophila;Drosophila_melanogaster;8
B.L.C.B2.1410;B.L.C.B2;Romain;Buzarens;Ligneux;3;B_L;Insecta;Hymenoptera;Formicidae;Pheidole;Pheidole_pallidula;2
B.L.C.B2.1410;B.L.C.B2;Romain;Buzarens;Ligneux;3;B_L;Collembola;Entomobryomorpha;;;;4
B.L.C.B2.1410;B.L.C.B2;Romain;Buzarens;Ligneux;3;B_L;Collembola;Symphypleona;;;;55
B.L.C.B2.1410;B.L.C.B2;Romain;Buzarens;Ligneux;3;B_L;Collembola;Poduromorpha;;;;15
B.L.C.B2.1410;B.L.C.B2;Romain;Buzarens;Ligneux;3;B_L;Acari;Trombidiformes;Bdellidae;;;30
M.NL.B.B3.1710;M.NL.B.B3;Romain;Morties;Non_ligneux;4;M_NL;Insecta;Hymenoptera;Formicidae;Pheidole;Pheidole_pallidula;3
M.NL.B.B3.1710;M.NL.B.B3;Romain;Morties;Non_ligneux;4;M_NL;Insecta;Diptera;Drosophilidae;Drosophila;Drosophila_melanogaster;3
M.NL.B.B3.1710;M.NL.B.B3;Romain;Morties;Non_ligneux;4;M_NL;Isopoda;;;;MT_blanc;1
M.NL.B.B3.1710;M.NL.B.B3;Romain;Morties;Non_ligneux;4;M_NL;Collembola;Entomobryomorpha;;;;9
M.NL.B.B3.1710;M.NL.B.B3;Romain;Morties;Non_ligneux;4;M_NL;Collembola;Symphypleona;;;;3
M.NL.B.B3.1710;M.NL.B.B3;Romain;Morties;Non_ligneux;4;M_NL;Insecta;Hemiptera;;;MT_hemipt_jaune;30
M.NL.B.B3.1710;M.NL.B.B3;Romain;Morties;Non_ligneux;4;M_NL;Acari;Trombidiformes;Prostigmata;;MT_acar1;4
M.NL.B.B3.1710;M.NL.B.B3;Romain;Morties;Non_ligneux;4;M_NL;Insecta;Hymenoptera;Formicidae;Tapinoma;;1
M.L.C.B2.1710;M.L.C.B2;Johanne;Morties;Ligneux;4;M_L;Insecta;Diptera;Drosophilidae;Drosophila;Drosophila_melanogaster;8
M.L.C.B2.1710;M.L.C.B2;Johanne;Morties;Ligneux;4;M_L;Collembola;Symphypleona;;;;1
M.L.C.B2.1710;M.L.C.B2;Johanne;Morties;Ligneux;4;M_L;Collembola;Entomobryomorpha;;;;3
M.L.C.B2.1710;M.L.C.B2;Johanne;Morties;Ligneux;4;M_L;Insecta;Coleoptera;Chrysomelidae;Altise;MT_ortho;1
M.L.C.B2.1710;M.L.C.B2;Johanne;Morties;Ligneux;4;M_L;Insecta;Hymenoptera;Formicidae;Pheidole;Pheidole_pallidula;3
M.NL.B.B1.1710;M.NL.B.B1;Romain;Morties;Non_ligneux;4;M_NL;Insecta;Hymenoptera;Formicidae;Tapinoma;;2
M.NL.B.B1.1710;M.NL.B.B1;Romain;Morties;Non_ligneux;4;M_NL;Collembola;Entomobryomorpha;;;;5
M.NL.B.B1.1710;M.NL.B.B1;Romain;Morties;Non_ligneux;4;M_NL;Collembola;Symphypleona;;;;1
M.NL.B.B1.1710;M.NL.B.B1;Romain;Morties;Non_ligneux;4;M_NL;Hexapoda;;;;MT_col_trompe;1
M.L.B.B2.0810;M.L.B.B2;Johanne;Morties;Ligneux;1;M_L;Collembola;Entomobryomorpha;;;;4
M.L.B.B2.0810;M.L.B.B2;Johanne;Morties;Ligneux;1;M_L;Insecta;Hemiptera;;;MT_hemipt_jaune;16
M.L.B.B2.0810;M.L.B.B2;Johanne;Morties;Ligneux;1;M_L;Collembola;Symphypleona;;;;3
M.L.B.B2.0810;M.L.B.B2;Johanne;Morties;Ligneux;1;M_L;Insecta;Hymenoptera;Formicidae;Pheidole;Pheidole_pallidula;24
M.L.B.B2.0810;M.L.B.B2;Johanne;Morties;Ligneux;1;M_L;Collembola;Poduromorpha;;;Domestic;1
M.L.B.B2.0810;M.L.B.B2;Johanne;Morties;Ligneux;1;M_L;Insecta;Diptera;Drosophilidae;Drosophila;Drosophila_melanogaster;1
M.L.B.B2.0810;M.L.B.B2;Johanne;Morties;Ligneux;1;M_L;Acari;Oribate;;;MT_acari_poils;4
M.L.B.B2.0810;M.L.B.B2;Johanne;Morties;Ligneux;1;M_L;Insecta;Psocodea;Liposcelididae;Liposcelis;;1
M.NL.B.B2.1110;M.NL.B.B2;Romain;Morties;Non_ligneux;2;M_NL;Insecta;Diptera;Drosophilidae;Drosophila;Drosophila_melanogaster;11
M.NL.B.B2.1110;M.NL.B.B2;Romain;Morties;Non_ligneux;2;M_NL;Collembola;Entomobryomorpha;;;;4
M.NL.B.B2.1110;M.NL.B.B2;Romain;Morties;Non_ligneux;2;M_NL;Acari;Trombidiformes;Bdellidae;;;1
M.NL.B.B2.1110;M.NL.B.B2;Romain;Morties;Non_ligneux;2;M_NL;Insecta;Hemiptera;Cicadellidae;;MT_noir;1
M.NL.B.B2.1110;M.NL.B.B2;Romain;Morties;Non_ligneux;2;M_NL;Insecta;Hemiptera;Cicadellidae;;MT_blanc;1
M.NL.B.B2.1110;M.NL.B.B2;Romain;Morties;Non_ligneux;2;M_NL;Gastropoda;Stylommatophora;;;MT_pulmo1;1
M.NL.B.B2.1110;M.NL.B.B2;Romain;Morties;Non_ligneux;2;M_NL;Hexapoda;;;;MT_col_trompe;1
M.LB.B1.1110;M.L.B.B1;Romain;Morties;Ligneux;2;M_L;Insecta;Coleoptera;Staphynilidae;Ocypus;Ocypus_olens;1
M.LB.B1.1110;M.L.B.B1;Romain;Morties;Ligneux;2;M_L;Insecta;Diptera;Drosophilidae;Drosophila;Drosophila_melanogaster;2
M.LB.B1.1110;M.L.B.B1;Romain;Morties;Ligneux;2;M_L;Insecta;Hymenoptera;Formicidae;Pheidole;Pheidole_pallidula;2
M.LB.B1.1110;M.L.B.B1;Romain;Morties;Ligneux;2;M_L;Insecta;Diptera;Sciaridae;;;1
M.LB.B1.1110;M.L.B.B1;Romain;Morties;Ligneux;2;M_L;Collembola;Symphypleona;;;;7
M.LB.B1.1110;M.L.B.B1;Romain;Morties;Ligneux;2;M_L;Collembola;Entomobryomorpha;;;;1
M.LB.B1.1110;M.L.B.B1;Romain;Morties;Ligneux;2;M_L;Arachnida;Araneae;Lycosidae;Alopecosa;;1
T.NL.C.B1.1110;T.NL.C.B1;Johanne;Triballe;Non_ligneux;2;T_NL;Insecta;Coleoptera;Staphynilidae;Ocypus;Ocypus_olens;2
T.NL.C.B1.1110;T.NL.C.B1;Johanne;Triballe;Non_ligneux;2;T_NL;Insecta;Diptera;Drosophilidae;Drosophila;Drosophila_melanogaster;14
T.NL.C.B1.1110;T.NL.C.B1;Johanne;Triballe;Non_ligneux;2;T_NL;Insecta;Coleoptera;Chrysomelidae;Altise;MT_ortho;1
T.NL.C.B1.1110;T.NL.C.B1;Johanne;Triballe;Non_ligneux;2;T_NL;Collembola;Entomobryomorpha;;;;14
T.NL.C.B1.1110;T.NL.C.B1;Johanne;Triballe;Non_ligneux;2;T_NL;Insecta;Coleoptera;Staphynilidae;Ocypus;MT_peti_staphy;2
T.NL.C.B1.1110;T.NL.C.B1;Johanne;Triballe;Non_ligneux;2;T_NL;Collembola;Symphypleona;;;;5
T.NL.C.B1.1110;T.NL.C.B1;Johanne;Triballe;Non_ligneux;2;T_NL;Insecta;Coleoptera;Corylophidae;Sericoderus;MT_carapace;1
T.NL.C.B1.1110;T.NL.C.B1;Johanne;Triballe;Non_ligneux;2;T_NL;Acari;Trombidiformes;Trombidiidae;;;3
T.NL.C.B1.1110;T.NL.C.B1;Johanne;Triballe;Non_ligneux;2;T_NL;Insecta;Diptera;;;MT_moustique2;2
T.NL.C.B1.1110;T.NL.C.B1;Johanne;Triballe;Non_ligneux;2;T_NL;Insecta;Hymenoptera;Formicidae;;MT_fourm_noir;31
T.NL.C.B1.1110;T.NL.C.B1;Johanne;Triballe;Non_ligneux;2;T_NL;Gastropoda;;;;;1
T.NL.C.B1.1110;T.NL.C.B1;Johanne;Triballe;Non_ligneux;2;T_NL;Insecta;Hemiptera;;;MT_hemipt_jaune;8
T.NL.C.B1.1110;T.NL.C.B1;Johanne;Triballe;Non_ligneux;2;T_NL;Insecta;Lepidoptera;;;MT_chenille1;1
T.NL.C.B1.1110;T.NL.C.B1;Johanne;Triballe;Non_ligneux;2;T_NL;Insecta;Lepidoptera;;;MT_chenille2;1
M.NL.B.B1.1110;M.NL.B.B1;Romain;Morties;Non_ligneux;2;M_NL;Insecta;Hymenoptera;Formicidae;Tapinoma;;1
M.NL.B.B1.1110;M.NL.B.B1;Romain;Morties;Non_ligneux;2;M_NL;Insecta;Hymenoptera;Formicidae;Pheidole;Pheidole_pallidula;1
M.NL.B.B1.1110;M.NL.B.B1;Romain;Morties;Non_ligneux;2;M_NL;Collembola;Entomobryomorpha;;;;7
M.NL.B.B1.1110;M.NL.B.B1;Romain;Morties;Non_ligneux;2;M_NL;Insecta;Diptera;;;;1
M.NL.B.B1.1110;M.NL.B.B1;Romain;Morties;Non_ligneux;2;M_NL;Insecta;Diptera;Sciaridae;;;1
M.NL.B.B1.1110;M.NL.B.B1;Romain;Morties;Non_ligneux;2;M_NL;Gastropoda;;;;MT_limace;1
B.NL.A.B3.0810;B.NL.A.B3;Julian;Buzarens;Non_ligneux;1;B_NL;Insecta;Coleoptera;Staphynilidae;Ocypus;Ocypus_olens;1
B.NL.A.B3.0810;B.NL.A.B3;Julian;Buzarens;Non_ligneux;1;B_NL;Arachnida;Opiliones;Phalangiidae;Metaphalangium;Metaphalangium_cirtanum;1
B.NL.A.B3.0810;B.NL.A.B3;Julian;Buzarens;Non_ligneux;1;B_NL;Insecta;Hymenoptera;Formicidae;Pheidole;Pheidole_pallidula;4
B.NL.A.B3.0810;B.NL.A.B3;Julian;Buzarens;Non_ligneux;1;B_NL;Insecta;Coleoptera;Nitidulidae;Epuraea;;1
B.NL.A.B3.0810;B.NL.A.B3;Julian;Buzarens;Non_ligneux;1;B_NL;Insecta;Diptera;Drosophilidae;Drosophila;Drosophila_melanogaster;2
B.NL.A.B3.0810;B.NL.A.B3;Julian;Buzarens;Non_ligneux;1;B_NL;Collembola;Entomobryomorpha;;;;1
B.NL.A.B3.0810;B.NL.A.B3;Julian;Buzarens;Non_ligneux;1;B_NL;Collembola;Symphypleona;;;;1
B.NL.A.B3.0810;B.NL.A.B3;Julian;Buzarens;Non_ligneux;1;B_NL;Acari;Anystidae;;;;2
B.NL.A.B3.0810;B.NL.A.B3;Julian;Buzarens;Non_ligneux;1;B_NL;Insecta;Diptera;Drosophilidae;;MT_dos_jaune;1
T.NL.A.B1.0810;T.NL.A.B1;Romain;Triballe;Non_ligneux;1;T_NL;Insecta;Coleoptera;Staphynilidae;Ocypus;Ocypus_olens;4
T.NL.A.B1.0810;T.NL.A.B1;Romain;Triballe;Non_ligneux;1;T_NL;Insecta;Diptera;Drosophilidae;Drosophila;Drosophila_melanogaster;33
T.NL.A.B1.0810;T.NL.A.B1;Romain;Triballe;Non_ligneux;1;T_NL;Insecta;Diptera;Sciaridae;;;7
T.NL.A.B1.0810;T.NL.A.B1;Romain;Triballe;Non_ligneux;1;T_NL;Insecta;Diptera;;;MT_abdo_blanc;2
T.NL.A.B1.0810;T.NL.A.B1;Romain;Triballe;Non_ligneux;1;T_NL;Collembola;Entomobryomorpha;;;;14
T.NL.A.B1.0810;T.NL.A.B1;Romain;Triballe;Non_ligneux;1;T_NL;Collembola;Symphypleona;;;;15
T.NL.A.B1.0810;T.NL.A.B1;Romain;Triballe;Non_ligneux;1;T_NL;Insecta;Hemiptera;Cicadellidae;;MT_blanc;1
T.NL.A.B1.0810;T.NL.A.B1;Romain;Triballe;Non_ligneux;1;T_NL;Acari;Trombidiformes;Bdellidae;;;15
T.NL.A.B1.0810;T.NL.A.B1;Romain;Triballe;Non_ligneux;1;T_NL;Collembola;Poduromorpha;;;;3
T.NL.A.B1.0810;T.NL.A.B1;Romain;Triballe;Non_ligneux;1;T_NL;Hexapoda;;;;MT_col_trompe;3
T.NL.A.B1.0810;T.NL.A.B1;Romain;Triballe;Non_ligneux;1;T_NL;Acari;Oribate;;;;1
T.NL.A.B1.0810;T.NL.A.B1;Romain;Triballe;Non_ligneux;1;T_NL;Insecta;Lepidoptera;;;MT_chenille2;1
M.NL.B.B2.0810;M.NL.B.B2;Romain;Morties;Non_ligneux;1;M_NL;Insecta;Coleoptera;Staphynilidae;Ocypus;Ocypus_olens;1
M.NL.B.B2.0810;M.NL.B.B2;Romain;Morties;Non_ligneux;1;M_NL;Insecta;Diptera;Drosophilidae;Drosophila;Drosophila_melanogaster;2
M.NL.B.B2.0810;M.NL.B.B2;Romain;Morties;Non_ligneux;1;M_NL;Insecta;Diptera;Sciaridae;;;3
M.NL.B.B2.0810;M.NL.B.B2;Romain;Morties;Non_ligneux;1;M_NL;Collembola;Entomobryomorpha;;;;9
M.NL.B.B2.0810;M.NL.B.B2;Romain;Morties;Non_ligneux;1;M_NL;Collembola;Symphypleona;;;;1
M.NL.B.B2.0810;M.NL.B.B2;Romain;Morties;Non_ligneux;1;M_NL;Acari;Oribate;;;;4
M.NL.B.B2.0810;M.NL.B.B2;Romain;Morties;Non_ligneux;1;M_NL;Insecta;Hymenoptera;Formicidae;Pheidole;Pheidole_pallidula;3
M.NL.B.B2.0810;M.NL.B.B2;Romain;Morties;Non_ligneux;1;M_NL;Arachnida;Araneae;Lycosidae;Alopecosa;;1
M.NL.B.B2.0810;M.NL.B.B2;Romain;Morties;Non_ligneux;1;M_NL;Arachnida;Araneae;Gnaphosidae;;MT_yeuxbleu;1
M.NL.B.B2.0810;M.NL.B.B2;Romain;Morties;Non_ligneux;1;M_NL;Insecta;Coleoptera;Corylophidae;Sericoderus;MT_carapace;1
M.NL.B.B2.0810;M.NL.B.B2;Romain;Morties;Non_ligneux;1;M_NL;Insecta;Hemiptera;;;MT_hemipt_jaune;5
M.NL.B.B2.0810;M.NL.B.B2;Romain;Morties;Non_ligneux;1;M_NL;Acari;Trombidiformes;Bdellidae;;;2
M.NL.B.B2.0810;M.NL.B.B2;Romain;Morties;Non_ligneux;1;M_NL;Acari;Trombidiformes;Prostigmata;;;2
B.L.C.B2.2010;B.L.C.B2;Julian;Buzarens;Ligneux;5;B_L;Insecta;Coleoptera;Staphynilidae;Ocypus;Ocypus_olens;1
B.L.C.B2.2010;B.L.C.B2;Julian;Buzarens;Ligneux;5;B_L;Arachnida;Araneae;Lycosidae;Alopecosa;;1
B.L.C.B2.2010;B.L.C.B2;Julian;Buzarens;Ligneux;5;B_L;Insecta;Diptera;Drosophilidae;Drosophila;Drosophila_melanogaster;15
B.L.C.B2.2010;B.L.C.B2;Julian;Buzarens;Ligneux;5;B_L;Insecta;Coleoptera;Nitidulidae;Epuraea;;1
B.L.C.B2.2010;B.L.C.B2;Julian;Buzarens;Ligneux;5;B_L;Collembola;Poduromorpha;;;;7
B.L.C.B2.2010;B.L.C.B2;Julian;Buzarens;Ligneux;5;B_L;Collembola;Entomobryomorpha;;;;2
B.L.C.B2.2010;B.L.C.B2;Julian;Buzarens;Ligneux;5;B_L;Collembola;Symphypleona;;;;27
B.L.C.B2.2010;B.L.C.B2;Julian;Buzarens;Ligneux;5;B_L;Acari;Trombidiformes;Bdellidae;;;1
B.L.C.B2.2010;B.L.C.B2;Julian;Buzarens;Ligneux;5;B_L;Acari;Anystidae;;;;3
M.NL.C.B1.0810;M.NL.C.B1;Julian;Morties;Non_ligneux;1;M_NL;Insecta;Coleoptera;Staphynilidae;Ocypus;Ocypus_olens;3
M.NL.C.B1.0810;M.NL.C.B1;Julian;Morties;Non_ligneux;1;M_NL;Insecta;Hymenoptera;Formicidae;;MT_fourm_noir;36
M.NL.C.B1.0810;M.NL.C.B1;Julian;Morties;Non_ligneux;1;M_NL;Insecta;Hymenoptera;Formicidae;Pheidole;Pheidole_pallidula;6
M.NL.C.B1.0810;M.NL.C.B1;Julian;Morties;Non_ligneux;1;M_NL;Insecta;Diptera;Drosophilidae;Drosophila;MT_droso jaune;1
M.NL.C.B1.0810;M.NL.C.B1;Julian;Morties;Non_ligneux;1;M_NL;Insecta;Diptera;Sciaridae;;;2
M.NL.C.B1.0810;M.NL.C.B1;Julian;Morties;Non_ligneux;1;M_NL;Collembola;Poduromorpha;;;;1
M.NL.C.B1.0810;M.NL.C.B1;Julian;Morties;Non_ligneux;1;M_NL;Collembola;Entomobryomorpha;;;;22
M.NL.C.B1.0810;M.NL.C.B1;Julian;Morties;Non_ligneux;1;M_NL;Collembola;Symphypleona;;;;1
M.NL.C.B1.0810;M.NL.C.B1;Julian;Morties;Non_ligneux;1;M_NL;Insecta;Coleoptera;Corylophidae;Sericoderus;MT_coccinelle_noire;2
M.NL.C.B1.0810;M.NL.C.B1;Julian;Morties;Non_ligneux;1;M_NL;Insecta;;;;MT_termite;6
M.NL.C.B1.0810;M.NL.C.B1;Julian;Morties;Non_ligneux;1;M_NL;Insecta;;;;MT_droso_sans_aile;1
M.NL.C.B1.0810;M.NL.C.B1;Julian;Morties;Non_ligneux;1;M_NL;Isopoda;;;;MT_isopode_bourrelet;1
T.L.C.B2.1710;T.L.C.B2;Johanne;Triballe;Ligneux;4;T_L;Insecta;Coleoptera;Staphynilidae;Ocypus;Ocypus_olens;4
T.L.C.B2.1710;T.L.C.B2;Johanne;Triballe;Ligneux;4;T_L;Insecta;Diptera;Drosophilidae;Drosophila;Drosophila_melanogaster;25
T.L.C.B2.1710;T.L.C.B2;Johanne;Triballe;Ligneux;4;T_L;Insecta;Coleoptera;Nitidulidae;Epuraea;;1
T.L.C.B2.1710;T.L.C.B2;Johanne;Triballe;Ligneux;4;T_L;Collembola;Entomobryomorpha;;;;5
T.L.C.B2.1710;T.L.C.B2;Johanne;Triballe;Ligneux;4;T_L;Collembola;Poduromorpha;;;;3
T.L.C.B2.1710;T.L.C.B2;Johanne;Triballe;Ligneux;4;T_L;Collembola;Symphypleona;;;;3
T.L.C.B2.1710;T.L.C.B2;Johanne;Triballe;Ligneux;4;T_L;Insecta;Hemiptera;;;MT_hemipt_jaune;2
T.L.C.B2.1710;T.L.C.B2;Johanne;Triballe;Ligneux;4;T_L;Insecta;Coleoptera;Staphynilidae;Ocypus;Ocypus_olens;1
T.L.C.B2.1710;T.L.C.B2;Johanne;Triballe;Ligneux;4;T_L;Acari;Trombidiformes;Prostigmata;;MT_acari_goute;1
T.L.C.B2.1710;T.L.C.B2;Johanne;Triballe;Ligneux;4;T_L;Acari;Trombidiformes;Bdellidae;;MT_acari_bl;1
T.L.C.B2.1710;T.L.C.B2;Johanne;Triballe;Ligneux;4;T_L;Arachnida;Araneae;;;MT_ara_bl;1
T.L.C.B2.1710;T.L.C.B2;Johanne;Triballe;Ligneux;4;T_L;Insecta;Hemiptera;Cicadellidae;;MT_cica_zebr;1
M.L.B.B3.1110;M.L.B.B3;Johanne;Morties;Ligneux;2;M_L;Insecta;Coleoptera;Staphynilidae;Ocypus;Ocypus_olens;2
M.L.B.B3.1110;M.L.B.B3;Johanne;Morties;Ligneux;2;M_L;Insecta;Diptera;Drosophilidae;Drosophila;Drosophila_melanogaster;5
M.L.B.B3.1110;M.L.B.B3;Johanne;Morties;Ligneux;2;M_L;Insecta;Coleoptera;Corylophidae;Sericoderus;MT_carapace;1
M.L.B.B3.1110;M.L.B.B3;Johanne;Morties;Ligneux;2;M_L;Collembola;Poduromorpha;;;;8
M.L.B.B3.1110;M.L.B.B3;Johanne;Morties;Ligneux;2;M_L;Insecta;Hemiptera;;;MT_hemipt_jaune;5
M.L.B.B3.1110;M.L.B.B3;Johanne;Morties;Ligneux;2;M_L;Acari;Oribate;;;MT_acari_poils;1
M.L.B.B3.1110;M.L.B.B3;Johanne;Morties;Ligneux;2;M_L;Arachnida;Araneae;;;MT_ara_LP;1
B.NL.C.B2.2010;B.NL.C.B2;Johanne;Buzarens;Non_ligneux;5;B_NL;Insecta;Diptera;Drosophilidae;Drosophila;Drosophila_melanogaster;16
B.NL.C.B2.2010;B.NL.C.B2;Johanne;Buzarens;Non_ligneux;5;B_NL;Insecta;Coleoptera;Nitidulidae;Epuraea;;2
B.NL.C.B2.2010;B.NL.C.B2;Johanne;Buzarens;Non_ligneux;5;B_NL;Insecta;Diptera;;;;2
B.NL.C.B2.2010;B.NL.C.B2;Johanne;Buzarens;Non_ligneux;5;B_NL;Collembola;Symphypleona;;;;44
B.NL.C.B2.2010;B.NL.C.B2;Johanne;Buzarens;Non_ligneux;5;B_NL;Collembola;Entomobryomorpha;;;;7
B.NL.C.B2.2010;B.NL.C.B2;Johanne;Buzarens;Non_ligneux;5;B_NL;Arachnida;Araneae;;;;1
B.NL.C.B2.2010;B.NL.C.B2;Johanne;Buzarens;Non_ligneux;5;B_NL;Insecta;Coleoptera;Staphynilidae;Ocypus;MT_peti_staphy;1
B.NL.C.B2.2010;B.NL.C.B2;Johanne;Buzarens;Non_ligneux;5;B_NL;Hexapoda;;;;MT_col_trompe;1
B.NL.C.B2.2010;B.NL.C.B2;Johanne;Buzarens;Non_ligneux;5;B_NL;Insecta;Hymenoptera;Formicidae;Pheidole;Pheidole_pallidula;2
M.L.A.B3.1710;M.L.A.B3;Johanne;Morties;Ligneux;4;M_L;Insecta;Coleoptera;Staphynilidae;Ocypus;Ocypus_olens;1
M.L.A.B3.1710;M.L.A.B3;Johanne;Morties;Ligneux;4;M_L;Insecta;Diptera;Drosophilidae;Drosophila;Drosophila_melanogaster;7
M.L.A.B3.1710;M.L.A.B3;Johanne;Morties;Ligneux;4;M_L;Insecta;Hemiptera;;;MT_hemipt_jaune;2
M.L.A.B3.1710;M.L.A.B3;Johanne;Morties;Ligneux;4;M_L;Collembola;Symphypleona;;;;3
M.L.A.B3.1710;M.L.A.B3;Johanne;Morties;Ligneux;4;M_L;Collembola;Entomobryomorpha;;;;3
M.L.A.B3.1710;M.L.A.B3;Johanne;Morties;Ligneux;4;M_L;Insecta;Hymenoptera;Formicidae;Pheidole;Pheidole_pallidula;2
M.L.A.B3.1710;M.L.A.B3;Johanne;Morties;Ligneux;4;M_L;Insecta;Coleoptera;Corylophidae;Sericoderus;MT_carapace;1
M.L.A.B3.1710;M.L.A.B3;Johanne;Morties;Ligneux;4;M_L;Acari;Oribate;;;MT_acari_poils;4
M.L.C.B2.0810;M.L.C.B2;Johanne;Morties;Ligneux;1;M_L;Insecta;Diptera;Drosophilidae;Drosophila;Drosophila_melanogaster;6
M.L.C.B2.0810;M.L.C.B2;Johanne;Morties;Ligneux;1;M_L;Collembola;Entomobryomorpha;;;;3
M.L.C.B2.0810;M.L.C.B2;Johanne;Morties;Ligneux;1;M_L;Insecta;Psocodea;Liposcelididae;Liposcelis;;1
M.L.C.B2.0810;M.L.C.B2;Johanne;Morties;Ligneux;1;M_L;Insecta;Hymenoptera;Formicidae;Pheidole;Pheidole_pallidula;3
M.L.A.B2.1410;M.L.A.B2;Johanne;Morties;Ligneux;3;M_L;Insecta;Coleoptera;Staphynilidae;Ocypus;Ocypus_olens;1
M.L.A.B2.1410;M.L.A.B2;Johanne;Morties;Ligneux;3;M_L;Insecta;Diptera;Drosophilidae;Drosophila;Drosophila_melanogaster;3
M.L.A.B2.1410;M.L.A.B2;Johanne;Morties;Ligneux;3;M_L;Insecta;Hymenoptera;Formicidae;Pheidole;Pheidole_pallidula;9
M.L.A.B2.1410;M.L.A.B2;Johanne;Morties;Ligneux;3;M_L;Hexapoda;;;;MT_col_trompe;5
M.L.A.B2.1410;M.L.A.B2;Johanne;Morties;Ligneux;3;M_L;Collembola;Entomobryomorpha;;;;8
M.L.A.B2.1410;M.L.A.B2;Johanne;Morties;Ligneux;3;M_L;Insecta;Coleoptera;;;MT_coleo_stri;1
